tacggagggggttagcgttgttcggaattactgggcgtaaagcgcacgtaggcggattggaaagttgggggtgaaatcccggggctcaaccccggaactgcctccaaaactatcagtctagagttcgagagaggtgagtggaattccaagtgtagaggtgaaattcgtagatatttggaggaacaccagtggcgaaggcggctcactggctcgatactgacgctgaggtgcgaaagtgtggggagcaaacaggattagataccctggtagtccacaccgtaaacgatgaatgccagtcgtcgggcagtatactgttcggtgacacacctaacggattaagcattccgcctggggagtacggtcgcaagatta	SAR116_a__Alpha__1946_bp_rna	81.7	372	67	1	1	372	1	371	8e-84	296.6
tacgaagggacctagcgtagttcggaattactgggcttaaagagttcgtaggtggttgaaaaagttggtggtgaaatcccagagcttaactctggaactgccatcaaaacttttcagctagagtatgatagaggaaagcagaatttctagtgtagaggtgaaattcgtagatattagaaagaataccaattgcgaaggcagctttctggatcattactgacactgaggaacgaaaacatgggtagcgaagaggattagataccctcgtagtccatgccgtaaacgatgtgtgttagacgttggaaatttattttcagtgtcgcagcgaaagcgataaacacaccgcctggggagtacgaccgcaaggtta	SAR11_Surface_1__Alpha__1958_bp_rna	100.0	370	0	0	1	370	1	370	1.5e-200	684.4
tacggaggatccaagcgttatccggaatcattgggtttaaagggtccgtaggtggacaaataagtcagaggtgaaatcctgcagctcaactgtagaactgcctttgatactgtttgtcttgagttattatgaagtggttagaatgtgtagtgtagcggtgaaatgcatagatattacacagaataccgattgcgaaggcagatcactaataattaactgacactgagggacgaaagcgtgggtagcgaacaggattagataccctggtagtccacgccgtaaacgatggtcactagctgtttggacttcggtctgagtggctaagcgaaagtgataagtgacccacctggggagtacgttcgcaagaatg	Flavobacteria_2061_bp_rna	100.0	370	0	0	1	370	1	370	1.5e-200	684.4
aaccagcacctcaagtggtcaggatgattattgggcctaaagcatccgtagccggctctgtaagttttcggttaaatctgtacgctcaacgtacaggctgccgggaatactgcaaagctagggagtgggagaagtagacggtactcggtaggaagtggtaaaatgctttgatctatcgatgaccacctgtggcgaaggcggtctactagaacgcgtccgacggtgagggatgaaagctgggggagcaaaccggattagatacccgggtagtcccagctgtaaactatgcaaactcagtgatgcattggcttgtggccaatgcagtgctgcagggaagccgttaagtttgccgcctgggaagtacgtacgcaagtatg	Taumarchaea_MGI_a_1364_bp_rna	100.0	377	0	0	1	377	1	377	1.9e-204	697.3
tacgggagtggcaagcgttatccggaattattgggcgtaaagcgtccgcaggcggcccttcaagtctgctgttaaaaagtggagcttaactccatcatggcagtggaaactgttgggcttgagtgtggtaggggcagagggaattcccggtgtagcggtgaaatgcgtagatatcgggaagaacaccagtggcgaaggcgctctgctgggccatcactgacgctcatggacgaaagccaggggagcgaaagggattagatacccctgtagtcctggccgtaaacgatgaacactaggtgtcgggggaatcgaccccctcggtgtcgtagccaacgcgttaagtgttccgcctggggagtacgcacgcaagtgtg	Prochlorococcus_2121_bp_rna	97.3	374	10	0	1	374	1	374	4.2e-186	636.4
tacataggggtcaagcgttgtccggatttattgggcgtaaagagctcgtaggcggttcaacaagtcggtcgtaaaagtttagggctcaaccctaaaatgtcgatcgatactgttgtgactaggatacggtagaggtgaatggaattccgagtgtagcggtgaaatgcgtagatattcggaggaacaccaattgcgaaggcagttcactggaccgtgatcgacgctgaggagcgaaagctaggggagcaaacaggattagataccctggtagtcctagctgtaaacgatggatactagatgtaggaactggattgacggtttctgtatcgtagctaacgcgttaagtatcccgcctggggagtacggtcgcaagacta	OCS155_a__Actino__1765_bp_rna	100.0	377	0	0	1	377	1	377	1.9e-204	697.3
tacgaagggacctagcgtagttcggaattactgggcttaaagagctcgtaggtggttaaaaaagttgatggtgaaatcccaaggctcaaccttggaactgccatcaaaactttttagctagagtgtgatagaggtaagtggaatttctagtgtagaggtgaaattcgtagatattagaaagaacaccaaatgcgaaggcaacttactgggtcactactgacactgaggagcgaaagcatgggtagcgaagaggattagataccctcgtagtccatgccgtaaacgatgtgtgctagacgttggaaatatatttttcagtgtcgcagcgaaagcattaagcacaccgcctggggagtacgaccgcaaggtta	SAR11_Surface_1__Alpha__1958_bp_rna	92.7	371	26	1	1	371	1	370	1.2e-151	521.9
tacgaggggtgctagcgttgtccggaatcattgggcgtaaagggtccgtaggcggtttaacaagtcaattgttaaagacatcggcttaaccgatggagtgcaattgaaactgttagaatagagtttaggagaggaaagtggaatttctggtgtagcggtgacatgcgtagatatcagaaggaacaccaatggcgaaggcaactttctggcctaaaactgacgctgagggacgaaagcgtggggagcgaacaggattagataccctggtagtccacgccgtaaacgatgagtatttgttgtcgggagattcgaccctctcggtagcggagctaacgcgttaaatactccgcctgggtactacgaccgcaaggttg	Marine_Group_A__aka_SAR406__1992_bp_rna	100.0	374	0	0	1	374	1	374	8.8e-203	691.8
tacgaactgtgcaaacgttattcggaatcactgggcttaaagggtgcgtaggcgggcttaaaggtccgatgtgaaagcccacggctcaaccgtggaattgcgttggaaaccataagtcttgagggagtcagaggtgagcggaactgatggtggagcggtgaaatgcgttgatatcatcaggaacaccggtggcgaaagcggctcactgggactcttctgacgctgaggcacgaaagctaggggagcgaacgggattagataccccggtagtcctagctgtaaacgatcagtactagtctgtggggacttccacatcctctcggacgtagcgaaagtgttaagtactgcgcctggggagtatggtcgcaaggctg	Planctomyces_1460_bp_rna	100.0	374	0	0	1	374	1	374	8.8e-203	691.8
tacgggagtggcaagcgttatccggaattattgggcgtaaagcgtccgcaggcggcctttcaagtctgctgttaaagcgtggagcttaactccattatggcagtggaaactgatcggcttgagtatggtaggggcagagggaattcccggtgtagcggtgaaatgcgtagatatcgggaagaacaccagtggcgaaggcgctctgctgggccattactgacgctcatggacgaaagccaggggagcgaaagggattagatacccctgtagtcctggccgtaaacgatgaacactaggtgtcgggggaatcgaccccttcggtgtcgtagctaacgcgttaagtgttccgcctggggagtacgcacgcaagtgtg	Prochlorococcus_2121_bp_rna	100.0	374	0	0	1	374	1	374	8.8e-203	691.8
tacggagggtgcaagcgttaatcggaattactgggcgtaaagcgcgcgtaggcggttttttaagtcggatgtgaaagccccgggctcaacctgggaattgcatccgatactggatgactagaatgcgggagagggaggtagaattccatgtgtagcagtgaaatgcgtagatatatggaggaataccagtggcgaaggcggcctcctggctcgacattgacgctgaggtgcgaaagcgtggggagcaaacgggattagataccccggtagtccacgccgtaaacgatgtctactagctgtaggggtacttgagacctttgtagcgcagctaacgcaataagtagaccgcctggggagtacggccgcaaggtta	SAR86_a__Gamma__1729_bp_rna	80.7	373	65	1	1	373	1	366	4.8e-81	287.4
tacggatggtgcaagcgttaatcggaattactgggcgtaaagcgcgcgtaggtggcatactaagttagatgtgaaatcccggggcttaacctcggaactgcatctaaaactggtaagctagagtactagagaggaaagtagaattcttagtgtagcggtggaatgcgtagatattaagaggaataccaatggcgaaggcaactttctggatagatactgacactgaggtgcgaaagcgtggggagcaaacaggattagataccctggtagtccacgccgtaaacgatgataactagccgttagatttatctagtggcgcagctaacgcattaagttatccgcctggggagtacggccgcaaggcta	SAR86_a__Gamma__1729_bp_rna	99.7	366	1	0	1	366	1	366	1.1e-196	671.5
tacgaagggggcgagcgttattcggaattattgggcgtaaagggctcgcaggctgcttgaacagttagacgtgaaatccccgggctcaacctgggaactgcgtttaatactagcaagctagagaaatagagaggaaagtggaactcccagtgtagaggtgaaattcgtagatattgggaagaacaccagtggcgaaagcgactttctggctattttctgacgctgaggagcgaaagcgtggggagcaaacagggttagataccctggtagtccacgccgtaaacgatgtgtgctagatgttggaaggttacctttcagtgtcgcagctaacgcactaagcacaccgcctgggaagtacggtcgcaagatta	SAR116_a__Alpha__1946_bp_rna	100.0	371	0	0	1	371	1	371	4.1e-201	686.2
gacggaggatgcaagtgttatccggaatcactgggcgtaaagcgtctgtaggtggtttagtaagtcgattgttaaagcttgaggctcaacttcaaaacagcaatggaaactgctagacttgagtatggtagaggtaagaggaatttccagtggagcggtgaaatgcgtagatattggaaagaacaccgatggcgaaggcatcttactgggccataactgacactcagagacgaaagctagggtagcaaatgggattagataccccagtagtcctagctgtaaacgatggatactcgatgttgcacgtatcgactcgtgcagtgtcctagctaacgcgttaagtatcccgcctgggaagtatgcacgcaagtgtg	OCS155_a__Actino__1765_bp_rna	77.1	362	80	2	12	370	12	373	2.3e-49	182.1
tacggagggtgcgagcgttaatcggaattactgggcgtaaagcgtgcgcaggcggtttgttaagcgagatgtgaaagccccgggctcaacctgggaaccgcatttcgaactggcaaactagagtcttgtagaggggggtagaattccaggtgtagcggtgaaatgcgtagagatctggaggaataccggtggcgaaggcggccccctggacaaagactgacgctcaggcacgaaagcgtggggagcaaacaggattagataccctggtagtccacgccgtaaacgatgtctactcggagtttggtgtcttgaacactgggctctcaagctaacgcattaagtagaccgcctggggagtacggccgcaaggtta	SAR86_a__Gamma__1729_bp_rna	82.3	288	51	0	1	288	1	288	6.3e-70	250.4
tacgtaggtggcgaacgttgtccggatttattgggcgtaaagggtccgtaggtggtttggtaagtcttctgtgaaaggtacaggcttaacctgtagaagtcagaagatactgctaaactcgagactgtcagaggaacatagaattcccggtgtagtggtgaaatgcgtagatatcgggaggaataccagtggcgaaggcggtgttctggggcagttctgacactgagggacgaaagcgtgggtagcgaaccggattagatacccgggtagtccacgccgtaaacgatgaatgctgggttttcggggtatccattccctgtaagccgaagctaacgcgctaagcattccgcctggggactacggccgcaaggcta	SAR202_a__Chloroflexi__1505_bp_rna	100.0	374	0	0	1	374	1	374	8.8e-203	691.8
tacggaggatccaagcgttatccggaatcattgggtttaaagggtccgtaggtggataattaagtcggaggtgaaatcttgcagctcaactgtaaaattgcctttgatactggttatcttgagtcattatgaagtagttagaatatgtagtgtagcggtgaaatgcatagatattacatagaataccaattgcgaaggcagattactaataatgtactgacactgatggacgaaagcgtgggtagcgaacaggattagataccctggtagtccacgccgtaaacgatggttactagctgtgtggacttcggtctgcgtggctaagcgaaagtgataagtaacccacctggggagtacgttcgcaagaatg	Flavobacteria_2061_bp_rna	94.3	370	21	0	1	370	1	370	1.5e-165	568.0
gacggaggatgcaagtgttattcggaatgattgggcgtaaagcgtctgtaggctgtatagaaagtcttttgttaaatacctcggctcaaccgagatccagcaaaggaaacttctatacttgaggtaagtagaggtacagggaattcccggtggagcggtgaaatgcgtagatatcgggaggaacaccaatatggcgaaggcactgtactgggctttacctgacgctcagagacgaaagctaaaggagtgattaggattagataccctagtaattttagccgtaaacgatgaaaactcactgccgagcgaaatacaacgagcggtggtcaagctaacgcgtgaagttttccgcctggggattacgcttgcaaaagtg	Prochlorococcus_2121_bp_rna	73.7	361	93	1	11	371	11	369	3.1e-33	128.5
tacggagggtgcgagcgttaatcggaattactgggcgtaaagcgcgcgtaggtggcttgataagccggttgtgaaagccccgggctcaacctgggaacggcatccggaactgtcaggctagagtgcaggagaggaaggtagaattcccggtgtagcggtgaaatgcgtagagatcgggaggaataccagtggcgaaggcggccttctggactgacactgacactgaggtgcgaaagcgtgggtagcaaacaggattagataccctggtagtccacgccgtaaacgatgtcgactagccgttgggtgcctcgagcacttagtggcgcagttaacgcgataagtcgaccgcctggggagtacggccgcaaggtta	SAR86_a__Gamma__1729_bp_rna	83.1	373	56	1	1	373	1	366	4.7e-96	337.2
tacggagggggttagcgttgttcggaattactgggcgtaaagcgcacgtaggcggattaataagtcaggggtgaaatcccgaggctcaacctcggaactgcctttgatactgttagtcttgagttcgagagaggtgagtggaattccgagtgtagaggtgaaattcgtagatattcggaggaacaccagtggcgaaggcggctcactggctcgatactgacgctgaggtgcgaaagcgtggggagcaaacaggattagataccctggtagtccacgccgtaaacgatgagagctagtcgttggagagttcgctcttcggtgacgcagctaacgcattaagctctccgcctggggagtacggtcgcaagatta	SAR86_a__Gamma__1729_bp_rna	82.1	368	60	1	1	368	1	362	1e-87	309.5
tacggagggtgcaagcgttaatcggaattactgggcgtaaagcgcgcgtaggtggcttgataagccggttgtgaaagccccgggctcaacctgggaacggcatccggaactgtcaagctagagtgcaggagaggaaggtagaattcccggtgtagcggtgaaatgcgtagagatcgggaggaataccagtggcgaaggcggccttctggactgacactgacactgaggtgcgaaagcgtgggtagcaaacaggattagataccctggtagtccacgccgtaaacgatgtcgaccagccgttgggtgcctagcgcactttgtggcgaagttaacgcgataagtcgaccgcctggggagtacggccgcaaggtta	SAR86_a__Gamma__1729_bp_rna	82.6	373	58	1	1	373	1	366	1e-92	326.1
tacgggggatgcaagcgttatccggaatcattgggcgtaaagcgcctgtaggttgtttaataagtctgttgttaaagactagggctcaaccctagaaaagcaatggaaactactagactagagtatggcaggggtagagggaatttctagtgtagcggtgaaatgcgtagatattagaaagaacaccggtggcgaaagcgctctactggaccattactgacactcagaggcgaaagctagggtagcaaaagggattagatacccctgtagtcctagccgtaaacgatggatactagatgttgtgcattaagtacagtatcgtagctaacgcgttaagtatcccgcctggggagtacgctcgcaagggtg	OCS155_a__Actino__1765_bp_rna	79.3	362	67	3	12	365	12	373	1.8e-60	219.0
tacggagggagctagcgttgttcggaattactgggcgtaaagcgcacgtaggcggctattcaagtcagaggtgaaagcccggggctcaaccccggaactgcctttgaaactagatagcttgaatccaggagaggtgagtggaattccgagtgtagaggtgaaattcgtagatattcggaagaacaccagtggcgaaggcggctcactggactggtattgacgctgaggtgcgaaagcgtggggagcaaacaggattagataccctggtagtccacgccgtaaacgatgataactagctgtcagggcacatggtgttttggtggcgcagctaacgcattaagttatccgcctggggagtacggtcgcaagatta	SAR86_a__Gamma__1729_bp_rna	81.8	369	60	1	1	369	1	362	3.7e-87	307.7
tacggagggtgcaagcgttatccggatttattgggtttaaagggtccgtaggcggatcattaagtcagtggtgaaagccggcagctcaactgtcgaactgccattgatactgatgatcttgaatgctgttgaagttggcggaataggtcatgtagcggtgaaatgcttagatatgacctagaacaccgattgcgaaggcagccaactaagcagttattgacgctgagggacgaaagcgtggggagcgaacaggattagataccctggtagtccacgccgtaaacgatgattactcggtattggctttggtcagtgcccaagcgaaagtgataagtaatccacctggggagtacgcccgcaagggtg	Flavobacteria_2061_bp_rna	83.3	366	57	2	1	362	1	366	7.8e-89	313.2
taccggcagctcaagtggtcgtcgcttttattgggcctaaaacgtccgtagcctgtttggtaaatctgtgggtaaatcaaccagcttaactggttgaattctgcagagactgccagactagggaccgggagaggtgtggggtactctaggggtaggggtaaaatcctgtcatccttagaggaccaccagttgcgaaggcgccacactggaacggatccgacggtcagggacgaagcctaggggcacgaaccggattagatacccgggtagtcctaggtgtaaacgctgtgaacttggtgtcgggagtccgcaatgggtccccggtgccggagtgaagatgttaagttcactgcctggggagtacggtcgcaaggctg	Euryarchea_MGII_1234_bp_rna	100.0	377	0	0	1	377	1	377	1.9e-204	697.3
tacggagacctcgagcgttactcggattcactgggcgtaaagggtgagtaggtggccaagtatgtcaggtgtgaaatcccggggcttaaccccggaactgcgcctgaaactacttggctagagtctcggagaggatagtggaattccaagtgtagcggtgaaatgcgtagatatttggaggaacaccagtggcgaaggcgactatctggacgagtactgacgctcaatcacgaaagcgtgggtagcgaaagggattagatacccctgtagtccacgccgtaaacgttgcacactaagtttcggaggattcgaccccttcggagctcaagctaacgcgttaagtgtgccgcctgaggactacggccgcaaggcta	Prochlorococcus_2121_bp_rna	77.0	357	82	0	14	370	14	370	1.4e-56	206.1
tacggagggtgcaagcgttaatcggaattactgggcgtaaagcgcgcgtaggcggtttggtaagttggatgtgaaagcccagggctcaaccttggaactgcattcaaaactgccaggctagagtacggtagaggggggtagaattccacgtgtagcggtgaaatgcgtagagatgtggaggaataccagtggcgaaggcggccccctggatcgatactgacgctgaggtgcgaaagcgtggggagcaaacaggattagataccctggtagtccacgccgtaaacgatgtcaactagccgttggaggggtaatccctttagtggcgcagctaacgcaataagttgaccgcctggggagtacggtcgcaagatta	SAR86_a__Gamma__1729_bp_rna	84.6	369	50	1	1	369	1	362	7.8e-104	363.1
tacggagggtgcaagcgttgtccggaatcattgggtgtaaagggtacgtaggcgggagcctaagtctggggtgaaatcttgccgcttaacggtaaaatggccctggatactgggtttcttgagtgcagaagaggcaggtggaattcgtggtgtagcggtgaaatgcttagatatcacgaagaacatcagtggcgaaggcggcctgctggtctgcaactgacgctgaggtacgaaagcgtggggagcgaacaggattagataccctggtagtccacgccgtaaacgatgcatactaggtgttggcctttgggccagtgctgcagttaacgcattaagtatgccacctggggagtacgtcggcaacgatg	Flavobacteria_2061_bp_rna	78.4	301	65	0	1	301	1	301	8.3e-54	196.9
tacgaagggggcgagcgttgttcggaattactgggcgtaaagggcgcgtaggcggtcctttaagttaggcgtgaaagccccgggctcaacctgggaactgcgcttaagactggaggactagaaaacggaagagggtagtggaattcccagtgtagaggtgaaattcgtagatattgggaagaacaccagtggcgaaagcggctacctggtccgattttgacgctgaggcgcgaaagcgtggggagcaaacaggattagataccctggtagtccacgccgtaaacgatgtctgctagatgtcggggggttgcccctcggtgtcgccgctaacgcattaagcagaccgcctgggaagtacggtcgcaagatta	SAR116_a__Alpha__1946_bp_rna	86.3	371	51	0	1	371	1	371	4.6e-116	403.7
tacgaactgtgcaaacgttattcggaatcactgggcttaaagggtgcgtaggcgggcttaaaggtccgatgtgaaagcccacggctcaaccgtggaattgcgttggaaaccataagtcttgagggagtcagaggttagcggaactgatggtggagcggtgaaatgcgttgatatcatcaggaacaccggtggcgaaagcggctcactgggactcttctgacgctgaggcacgaaagctaggggagcgaacgggattagataccccggtagtcctagctgtaaacgatcagtactagtctgtggggacttccacatcctctcggacgtagcgaaagtgttaagtactgcgcctggggagtatggtcgcaaggctg	Planctomyces_1460_bp_rna	99.7	374	1	0	1	374	1	374	4.1e-201	686.2
aaccagcacctcaagtggtcaggatgattattgggcctaaagcatccgtagccggctctgtaagttttcggttaaatctgtacgctcaacgtacaggctgccgggaatactgcaaagctagggagtgggagaagtagacggtactcggtaggaagtggtaaaatgctttgatctatcgatgaccacctgtggcgaaggcggtctactagaacgcgtccgacggtgagggatgaaagctgggggagcaaaccggattagatacccgggtagtcccagctgtaaactatgcaaactcagtgatgcattggccacaagccaatgcagtgctgcagggaagccgttaagtttgccgcctgggaagtacgtacgcaagtatg	Taumarchaea_MGI_a_1364_bp_rna	98.7	377	5	0	1	377	1	377	4.1e-196	669.6
tacgaactgtgcaaacgttattcggaatcactgggcttaaagggtgcgtaggcgggcttaaaggtccgatgtgaaagcccacggctcaaccgtggaattgcgttggaaaccataagtcttgagggagtcagaggtgagcggaactgatggtggagcggtgaaatgcgttgatatcatcaggaacaccggtggcgaaagcggctcactgggactcttctgacgctgaggcacgaaagctaggggagctaacgggattagataccccggtagtcctagctgtaaacgatcagtactagtctgtggggacttccacatcctctcggacgtagcgaaagtgttaagtactgcgcctggggagtatggtcgcaaggctg	Planctomyces_1460_bp_rna	99.7	374	1	0	1	374	1	374	4.1e-201	686.2
tacgaactgtgcaaacgttattcggaatcactgggcttaaagggtgcgtaggcgggcttaaaggtccgatgtgaaagcccacggctcaaccgtggaattgcgttggaaaccataagtcttgagggagtcagaggtgagcggaactgatggtggagcggtgaaatgcgttgatatcatcaggaacaccggtggcgaaagcggctcactgggactcttctgacgctgaggcacgaaagctaggggagcgaacgggattagataccccggtagtcctagctgtaaacgatcagtactagtctgtggggacttccacatcctctcggacgtagcgaaagtgttaagtactgcgcctggggagtatggtagcaaggctg	Planctomyces_1460_bp_rna	99.7	374	1	0	1	374	1	374	4.1e-201	686.2
tacgaactgtgcaaacgttattcggaatcactgggcttaaagggtgcgtaggcgggcttaaaggtccgatgtgaaagcccacggctcaaccgtggaattgcgttggaaaccataagtcttgagggagtcagaggtgagcggaactgatggtggagcggtgaaatgcgttgatatcatcaggaacaccggtggcgaaagcggctcactgggactcttctgacgctgaggcacgaaagctaggggagcgaacgggattagataccccggtagtcctagctgtaaactatcagtactagtctgtggggacttccacatcctctcggacgtagcgaaagtgttaagtactgcgcctggggagtatggtcgcaaggctg	Planctomyces_1460_bp_rna	99.7	374	1	0	1	374	1	374	4.1e-201	686.2
tactaactgtgcaaacgttattcggaatcactgggcttaaagggtgcgtaggcgggcttaaaggtccgatgtgaaagcccacggctcaaccgtggaattgcgttggaaaccataagtcttgagggagtcagaggtgagcggaactgatggtggagcggtgaaatgcgttgatatcatcaggaacaccggtggcgaaagcggctcactgggactcttctgacgctgaggcacgaaagctaggggagcgaacgggattagataccccggtagtcctagctgtaaacgatcagtactagtctgtggggacttccacatcctctcggacgtagcgaaagtgttaagtactgcgcctggggagtatggtcgcaaggctg	Planctomyces_1460_bp_rna	99.7	374	1	0	1	374	1	374	4.1e-201	686.2
tacgtagggtgcgagcgttgtccggatttattgggcgtaaagggctcgtaggtggttgatcgcgtcggaagtgtaatcttggggcttaaccctgagcgtgctttcgatacgggttgacttgaggaaggtaggggagaatggaattcctggtggagcggtggaatgcgcagatatcaggaggaacaccagtggcgaaggcggttctctgggcctttcctgacgctgaggagcgaaagcgtggggagcgaacaggcttagataccctggtagtccacgctgtaaacggtgggtactaggtgtggggtccattccacgggttccgtgccgtagctaacgctttaagtaccccgcctggggagtacggccgcaaggcta	OCS155_a__Actino__1765_bp_rna	79.0	377	77	2	1	375	1	377	8.3e-64	230.1
tacgaactgtgcaaacgttattcggaatcactgggcttaaagggtgcgtaggcgggcttaaaggtccgatgtgaaagcccacggctcaaccgtggaattgcgttggaaaccataagtcttgagggagtcagaggtgagcggaactgatggtggagcggtgaaatgcgttgatatcatcaggaacaccggtggcgaaagcggctcactgggactcttctgacgctgaggcacgaaagctagggtagcgaacgggattagataccccggtagtcctagctgtaaacgatcagtactagtctgtggggacttccacatcctctcggacgtagcgaaagtgttaagtactgcgcctggggagtatggtcgcaaggctg	Planctomyces_1460_bp_rna	99.7	374	1	0	1	374	1	374	4.1e-201	686.2
tacataggggtcaagcgttgtccggatttattgggcgtaaagagctcgtaggcggttcaacaagtcggtcgtaaaagtttagggctcaaccctaaaatgtcgatcgatactgttgtgactaggatacggtagaggtgaatggaattccgagtgtagcggtgaaatgcgtagatattcggaggaacaccaattgcgaaggcagttcactggaccgtgatcgacgctgaggagcgaaagctaggggagcaaacaggattagataccctggtagtcctagctgtaaacgatggatactagatgtaggaactggattgacggtttctgtatcgtagctaacgcgttaagtatcccgcctggggagtacggtagcaagacta	OCS155_a__Actino__1765_bp_rna	99.7	377	1	0	1	377	1	377	8.8e-203	691.8
tacggagggagctagcgttgttcggaattactgggcgtaaagcgcacgtaggcggcgatttaagtcagaggtgaaagcccggggctcaaccccggaactgcctttgagactggattgctagaatcttggagaggcgagtggaattccgagtgtagaggtgaaattcgtagatattcggaagaacaccagtggcgaaggcggctcgctggacaagtattgacgctgaggtgcgaaagcgtggggagcaaacaggattagataccctggtagtccacgccgtaaacgatgataactagctgccggggcacatggtgtttcggtggcgcagctaacgcattaagttatccgcctggggagtacggtcgcaagatta	SAR86_a__Gamma__1729_bp_rna	81.3	369	62	1	1	369	1	362	8e-84	296.6
tacgaactgtgcaaacgttattcggaatcactgggcttaaagggtgcgtaggcgggcttaaaggtccgatgtgaaagcccacggctcaaccgtggaattgcgttggaaaccataagtcttgagggagtcagaggtgagcggaactgatggtggagcggtgaaatgcgttgatatcatcaggaacaccggtggcgaaagcggctcactgggactcttctgacgctgaggcacgaaagctaggggagcgaacgggattagataccccggtagtcctagctgtaaacgatcagtactagtctgtggggacttccacatcctctaggacgtagcgaaagtgttaagtactgcgcctggggagtatggtcgcaaggctg	Planctomyces_1460_bp_rna	99.7	374	1	0	1	374	1	374	4.1e-201	686.2
tacataggggtcaagcgttgtccggatttattgggcgtaaagagctcgtaggcggttcaacaagtcggtagtaaaagtttagggctcaaccctaaaatgtcgatcgatactgttgtgactaggatacggtagaggtgaatggaattccgagtgtagcggtgaaatgcgtagatattcggaggaacaccaattgcgaaggcagttcactggaccgtgatcgacgctgaggagcgaaagctaggggagcaaacaggattagataccctggtagtcctagctgtaaacgatggatactagatgtaggaactggattgacggtttctgtatcgtagctaacgcgttaagtatcccgcctggggagtacggtcgcaagacta	OCS155_a__Actino__1765_bp_rna	99.7	377	1	0	1	377	1	377	8.8e-203	691.8
tacgaagggacctagcgtagttcggaattactgggcttaaagagttcgtaggtggttgaaaaggttggtggtgaaatcccagagcttaactctggaactgccatcaaaacttttcagctagagtatgatagaggaaagcagaatttctagtgtagaggtgaaattcgtagatattagaaagaataccaattgcgaaggcagctttctggatcattactgacactgaggaacgaaaacatgggtagcgaagaggattagataccctcgtagtccatgccgtaaacgatgtgtgttagacgttggaaatttattttcagtgtcgcagcgaaagcgataaacacaccgcctggggagtacgaccgcaaggtta	SAR11_Surface_1__Alpha__1958_bp_rna	99.7	370	1	0	1	370	1	370	6.8e-199	678.8
tacgaactgtgcaaacgttattaggaatcactgggcttaaagggtgcgtaggcgggcttaaaggtccgatgtgaaagcccacggctcaaccgtggaattgcgttggaaaccataagtcttgagggagtcagaggtgagcggaactgatggtggagcggtgaaatgcgttgatatcatcaggaacaccggtggcgaaagcggctcactgggactcttctgacgctgaggcacgaaagctaggggagcgaacgggattagataccccggtagtcctagctgtaaacgatcagtactagtctgtggggacttccacatcctctcggacgtagcgaaagtgttaagtactgcgcctggggagtatggtcgcaaggctg	Planctomyces_1460_bp_rna	99.7	374	1	0	1	374	1	374	4.1e-201	686.2
tacgaactgtgcaaacgttattcggaatcactgggcttaaagggtgcgtaggcgggcttaaaggtccgatgtgaaagcccacggctcaaccgtggaattgcgttggaaaccataagtattgagggagtcagaggtgagcggaactgatggtggagcggtgaaatgcgttgatatcatcaggaacaccggtggcgaaagcggctcactgggactcttctgacgctgaggcacgaaagctaggggagcgaacgggattagataccccggtagtcctagctgtaaacgatcagtactagtctgtggggacttccacatcctctcggacgtagcgaaagtgttaagtactgcgcctggggagtatggtcgcaaggctg	Planctomyces_1460_bp_rna	99.7	374	1	0	1	374	1	374	4.1e-201	686.2
tacgaactgtgcaaacgttattcggaatcactgggcttaaagggtgcgtaggcgggcttaaaggtccgatgtgaaagcccacggctcaaccgtggaattgcgttggaaaccataagtcttgagggagtcagaggtgagcggaactgatggtggagcggtgaaatgcgttgatatcatcaggaacaccggtggcgaaagcggctcactgggactcttctgacgctgaggcacgaaagctaggggagcgaactggattagataccccggtagtcctagctgtaaacgatcagtactagtctgtggggacttccacatcctctcggacgtagcgaaagtgttaagtactgcgcctggggagtatggtcgcaaggctg	Planctomyces_1460_bp_rna	99.7	374	1	0	1	374	1	374	4.1e-201	686.2
tacgaagggacctagcgtagttcggaattactgggcttaaagagttcgtaggtggttgaaaaagttggtggtgaaatcccagagcttaactctggaactgccatcaaaacttttcagctagagtatgatagaggaaagcagaatttctagtgtagaggtgaaattcgtagatattagaaagaataccaattgcgaaggcagctttctggatcattactgacactgagtaacgaaaacatgggtagcgaagaggattagataccctcgtagtccatgccgtaaacgatgtgtgttagacgttggaaatttattttcagtgtcgcagcgaaagcgataaacacaccgcctggggagtacgaccgcaaggtta	SAR11_Surface_1__Alpha__1958_bp_rna	99.7	370	1	0	1	370	1	370	6.8e-199	678.8
gttgcagccgccgcggtaatacgaagggacctagcgtagttcggaattactgggcttaaagagttcgtaggtggttgaaaaagttggtggtgaaatcccagagcttaactctggaactgccatcaaaacttttcagctagagtatgatagaggaaagcagaatttctagtgtagaggtgaaattcgtagatattagaaagaataccaattgcgaaggcagctttctggatcattactgacactgaggaacgaaaacatgggtagcgaagaggattagataccctcgtagtccatgccgtaaacgatgtgtgttagacgttggaaatttattttcagtgtcgcagcgaaagcgataaacacaccgcctggggagtacgaccgcaaggtta	SAR11_Surface_1__Alpha__1958_bp_rna	100.0	370	0	0	20	389	1	370	1.5e-200	684.4
tacgaagggacctagcgtagttcggaattactgggcttaaagagttcgtaggtggttgaaaaagttggtggtgaaatcccagagcttaactctggaactgccatcaaaacttttcagctagagtatgatagaggaaagcagaatttctagtgtagaggtgaaattcgtagatattagaaagaataccaattgcgaaggcagctttctggatcattactgacactgaggaacgaaaacatgggtagcgaagaggattagataccctcgtagtccatgccgtaaacgatgtgtgttagacgttggaaatttattttcagtgtcgcagcgaaagcgataaacacaccgcctggggagtacgaccacaaggtta	SAR11_Surface_1__Alpha__1958_bp_rna	99.7	370	1	0	1	370	1	370	6.8e-199	678.8
tacataggggtcaagcgttgtccggatttattgggcgtaaagagctcgtaggcggttcaacaagtcggtcgtaaaagtttagggctcaaccctaaaatgtcgatcgatactgttgtgactaggatacggtagaggttaatggaattccgagtgtagcggtgaaatgcgtagatattcggaggaacaccaattgcgaaggcagttcactggaccgtgatcgacgctgaggagcgaaagctaggggagcaaacaggattagataccctggtagtcctagctgtaaacgatggatactagatgtaggaactggattgacggtttctgtatcgtagctaacgcgttaagtatcccgcctggggagtacggtcgcaagacta	OCS155_a__Actino__1765_bp_rna	99.7	377	1	0	1	377	1	377	8.8e-203	691.8
tacgaactgtgcaaacgttattcggaatcactgggcttaaagggtgcgtaggcgggcttaaaggtccgatgtgaaagcccacggctcaaccgtggaattgcgttggaaaccataagtcttgagggagtcagaggtgagcggaactgatggtggagcggtgaaatgcgttgatatcatcaggaacaccggtggcgaaagcggctcactgggactcttctgacgctgaggcacgaaagctaggggagcgaacgggattagataccccggtagtcctagctgtaaacgatcagtactagtctgtggggacttccacatcctctcggacgtagcgaaagtgttaagtactgcgcctgtggagtatggtcgcaaggctg	Planctomyces_1460_bp_rna	99.7	374	1	0	1	374	1	374	4.1e-201	686.2
tacgaactgtgcaaacgttattcggaatcactgggcttaaagggtgcgtaggcgggcttaaaggtccgatgtgaaagcccacggctcaaccgtggaattgcgttggaaaccataagtcttgagggagtcagaggtgagcggaactgatggtgtagcggtgaaatgcgttgatatcatcaggaacaccggtggcgaaagcggctcactgggactcttctgacgctgaggcacgaaagctaggggagcgaacgggattagataccccggtagtcctagctgtaaacgatcagtactagtctgtggggacttccacatcctctcggacgtagcgaaagtgttaagtactgcgcctggggagtatggtcgcaaggctg	Planctomyces_1460_bp_rna	99.7	374	1	0	1	374	1	374	4.1e-201	686.2
tacataggggtcaagcgttgtccggatttattgggcgtaaagagctcgtaggcggttcaacaagtcggtcgtaaaagtttagggctcaaccctaaaatgtcgatcgatactgttgtgactaggatacggtagaggtgaatggaattccgagtgtagcggtgaaatgcgtagatattaggaggaacaccaattgcgaaggcagttcactggaccgtgatcgacgctgaggagcgaaagctaggggagcaaacaggattagataccctggtagtcctagctgtaaacgatggatactagatgtaggaactggattgacggtttctgtatcgtagctaacgcgttaagtatcccgcctggggagtacggtcgcaagacta	OCS155_a__Actino__1765_bp_rna	99.7	377	1	0	1	377	1	377	8.8e-203	691.8
gttgcagcagccgcggtaatacgaagggacctagcgtagttcggaattactgggcttaaagagttcgtaggtggttgaaaaagttggtggtgaaatcccagagcttaactctggaactgccatcaaaacttttcagctagagtatgatagaggaaagcagaatttctagtgtagaggtgaaattcgtagatattagaaagaataccaattgcgaaggcagctttctggatcattactgacactgaggaacgaaaacatgggtagcgaagaggattagataccctcgtagtccatgccgtaaacgatgtgtgttagacgttggaaatttattttcagtgtcgcagcgaaagcgataaacacaccgcctggggagtacgaccgcaaggtta	SAR11_Surface_1__Alpha__1958_bp_rna	100.0	370	0	0	20	389	1	370	1.5e-200	684.4
tacgaactgtgcaaacgttattcggaatcactgggcttaaagggtgcgtaggctggcttaaaggtccgatgtgaaagcccacggctcaaccgtggaattgcgttggaaaccataagtcttgagggagtcagaggtgagcggaactgatggtggagcggtgaaatgcgttgatatcatcaggaacaccggtggcgaaagcggctcactgggactcttctgacgctgaggcacgaaagctaggggagcgaacgggattagataccccggtagtcctagctgtaaacgatcagtactagtctgtggggacttccacatcctctcggacgtagcgaaagtgttaagtactgcgcctggggagtatggtcgcaaggctg	Planctomyces_1460_bp_rna	99.7	374	1	0	1	374	1	374	4.1e-201	686.2
tacgaactgtgcaaacgttattcggaatcactgggcttaaagggtgcgtaggcgggcttaaaggtccgatgtgaaagcccacggctcaaccgtggaattgcgttggaaaccataagtcttgagggagtcagaggtgagcggaactgatggtggagcggtgaaatgcgttgatatcatcaggaacaccggtggcgaaagcggctcactgggactcttctgacgctgaggcacgaaagctaggggagcgaacgggattagataccccggtagtcctagctgtaaacgatcagtactagtctgtggggacttccacatcctctctgacgtagcgaaagtgttaagtactgcgcctggggagtatggtcgcaaggctg	Planctomyces_1460_bp_rna	99.7	374	1	0	1	374	1	374	4.1e-201	686.2
tacataggggtcaagcgttgtccggatttattgggcgtaaagagctcgtaggcggttaaacaagtcggtcgtaaaagtttagggctcaaccctaaaatgtcgatcgatactgttgtgactaggatacggtagaggtgaatggaattccgagtgtagcggtgaaatgcgtagatattcggaggaacaccaattgcgaaggcagttcactggaccgtgatcgacgctgaggagcgaaagctaggggagcaaacaggattagataccctggtagtcctagctgtaaacgatggatactagatgtaggaactggattgacggtttctgtatcgtagctaacgcgttaagtatcccgcctggggagtacggtcgcaagacta	OCS155_a__Actino__1765_bp_rna	99.7	377	1	0	1	377	1	377	8.8e-203	691.8
tacgaagggacctagcgtagttcggaattactgggcttaaagagttcgtaggtggttgaaaaagttggtggtgaaatcccagagcttaactctggaactgccatcaaaacttttcagctagagtatgatagaggaaagcagaatttctagtgtagaggtgaaattcgtagatattagaaagaataccaattgcgaaggcagctttctggatcattactgacactgaggaacgaaaacatgggtagcgaagaggattagataccctcgtagtccatgccgtaaacgatgtgtgttagacgttggaaatttattttcagtgtagcagcgaaagcgataaacacaccgcctggggagtacgaccgcaaggtta	SAR11_Surface_1__Alpha__1958_bp_rna	99.7	370	1	0	1	370	1	370	6.8e-199	678.8
tacgaactgtgcaaacgttattcggaatcactgggcttaaagggtgcgtaggcgggcttaaaggtccgatgtgaaagcccacggctcaaccgtggaattgcgttggaaaccataagtcttgagggagtcagaggtgagcggaactgatggtggagcggtgaaatgcgttgatatcatcaggaacaccggtggcgaaagcggctcactgggactcttctgacgctgaggcacgaaagctaggggagcgaacgggattagataccccggtagtcctagctgtaaacgataagtactagtctgtggggacttccacatcctctcggacgtagcgaaagtgttaagtactgcgcctggggagtatggtcgcaaggctg	Planctomyces_1460_bp_rna	99.7	374	1	0	1	374	1	374	4.1e-201	686.2
tacgaactgtgcaaacgttattcggaatcactgggcttaaagggtgcgtaggcgggcttaaaggtccgatgtgaaagcccacggctcaaccgtggaattgcgttggaaaccataagtcttgagggagtcagaggtgagcggaactgatggtggagcggtgaaatgcgttgatatcatcaggaacaccggtggcgaaagcggctcactgggactcttctgacgctgaggcacgaaagctaggggagcgaacgggattagataccccggtagtcctagctgtaaacgatcagtactagtctgtggggacttccacatcctctcggacgtagctaaagtgttaagtactgcgcctggggagtatggtcgcaaggctg	Planctomyces_1460_bp_rna	99.7	374	1	0	1	374	1	374	4.1e-201	686.2
tacgaagggacctagcgtagttcggaattactgggcttaaagagttcgtaggtggttgaaaaagttggtggtgaaatcccagagcttaactctggaactgccatcaaaacttttcagctagagtatgataggggaaagcagaatttctagtgtagaggtgaaattcgtagatattagaaagaataccaattgcgaaggcagctttctggatcattactgacactgaggaacgaaaacatgggtagcgaagaggattagataccctcgtagtccatgccgtaaacgatgtgtgttagacgttggaaatttattttcagtgtcgcagcgaaagcgataaacacaccgcctggggagtacgaccgcaaggtta	SAR11_Surface_1__Alpha__1958_bp_rna	99.7	370	1	0	1	370	1	370	6.8e-199	678.8
tacgaagggacctagcgtagttcggaattactgggcttaaagagttcgtaggtggttgaaaaagttggtggtgaaatcccagagcttaactctggaactgccatcaaaacttttcagctagagtatggtagaggaaagcagaatttctagtgtagaggtgaaattcgtagatattagaaagaataccaattgcgaaggcagctttctggatcattactgacactgaggaacgaaaacatgggtagcgaagaggattagataccctcgtagtccatgccgtaaacgatgtgtgttagacgttggaaatttattttcagtgtcgcagcgaaagcgataaacacaccgcctggggagtacgaccgcaaggtta	SAR11_Surface_1__Alpha__1958_bp_rna	99.7	370	1	0	1	370	1	370	6.8e-199	678.8
tacataggggtcaagcgttgtccggatttattgggcgtaaagagctcgtaggcggttcaacaagtcggtcgtaaaagtttagggctcaaccctaaaatgtagatcgatactgttgtgactaggatacggtagaggtgaatggaattccgagtgtagcggtgaaatgcgtagatattcggaggaacaccaattgcgaaggcagttcactggaccgtgatcgacgctgaggagcgaaagctaggggagcaaacaggattagataccctggtagtcctagctgtaaacgatggatactagatgtaggaactggattgacggtttctgtatcgtagctaacgcgttaagtatcccgcctggggagtacggtcgcaagacta	OCS155_a__Actino__1765_bp_rna	99.7	377	1	0	1	377	1	377	8.8e-203	691.8
tacgaactgtgcaaacgttattcggaatcactgggcttaaatggtgcgtaggcgggcttaaaggtccgatgtgaaagcccacggctcaaccgtggaattgcgttggaaaccataagtcttgagggagtcagaggtgagcggaactgatggtggagcggtgaaatgcgttgatatcatcaggaacaccggtggcgaaagcggctcactgggactcttctgacgctgaggcacgaaagctaggggagcgaacgggattagataccccggtagtcctagctgtaaacgatcagtactagtctgtggggacttccacatcctctcggacgtagcgaaagtgttaagtactgcgcctggggagtatggtcgcaaggctg	Planctomyces_1460_bp_rna	99.7	374	1	0	1	374	1	374	4.1e-201	686.2
tacgaagggacctagcgtagttcggaattactgggcttaaagagttcgtaggtggttgaaaaagttggtggtgaaatcccagagcttaactctggaactgccatcaaaacttttcagctagagtatgatagaggaaggcagaatttctagtgtagaggtgaaattcgtagatattagaaagaataccaattgcgaaggcagctttctggatcattactgacactgaggaacgaaaacatgggtagcgaagaggattagataccctcgtagtccatgccgtaaacgatgtgtgttagacgttggaaatttattttcagtgtcgcagcgaaagcgataaacacaccgcctggggagtacgaccgcaaggtta	SAR11_Surface_1__Alpha__1958_bp_rna	99.7	370	1	0	1	370	1	370	6.8e-199	678.8
tacgaagggacctagcgtagttcggaattactgggcttaaagagttcgtaggtggttgaaaaagttggtggtgaaatcccagagcttaactctggaactgccatcaaaacttttcagctagagtatgatagaggaaagcagaatttctagtgtagaggcgaaattcgtagatattagaaagaataccaattgcgaaggcagctttctggatcattactgacactgaggaacgaaaacatgggtagcgaagaggattagataccctcgtagtccatgccgtaaacgatgtgtgttagacgttggaaatttattttcagtgtcgcagcgaaagcgataaacacaccgcctggggagtacgaccgcaaggtta	SAR11_Surface_1__Alpha__1958_bp_rna	99.7	370	1	0	1	370	1	370	6.8e-199	678.8
tacggaggatccaagcgttatccggaatcattgggtttaaagggtccgtaggtggacaaataagtcagaggtgaaatcctgcagctcaactgtagaactgcctttgatactgtttgtcttgagttattatgaagtggttagaatgtgtagtgtagcggtgaaatgcatagatattacacagaataccgattgcgaaggcagatcactaataattaactgacactgagggacgaaagcgtgggtagctaacaggattagataccctggtagtccacgccgtaaacgatggtcactagctgtttggacttcggtctgagtggctaagcgaaagtgataagtgacccacctggggagtacgttcgcaagaatg	Flavobacteria_2061_bp_rna	99.7	370	1	0	1	370	1	370	6.8e-199	678.8
tacgaactgtgcaaacgttattcggaatcactgggcttaaagggtgcgtaggcgggcttaaaggtccgatgtgaaagcccacggctcaaccgtggaattgcgttggaaaccataagtcttgagggagtcagaggtgagcggaactgatggtggagctgtgaaatgcgttgatatcatcaggaacaccggtggcgaaagcggctcactgggactcttctgacgctgaggcacgaaagctaggggagcgaacgggattagataccccggtagtcctagctgtaaacgatcagtactagtctgtggggacttccacatcctctcggacgtagcgaaagtgttaagtactgcgcctggggagtatggtcgcaaggctg	Planctomyces_1460_bp_rna	99.7	374	1	0	1	374	1	374	4.1e-201	686.2
tacgaagggacctagcgtagttcggaattactgggcttaaagagttcgtaggtggttgaaaaagttggtggtgaaatcccagagcttaactctggaactgccatcaaaacttttcggctagagtatgatagaggaaagcagaatttctagtgtagaggtgaaattcgtagatattagaaagaataccaattgcgaaggcagctttctggatcattactgacactgaggaacgaaaacatgggtagcgaagaggattagataccctcgtagtccatgccgtaaacgatgtgtgttagacgttggaaatttattttcagtgtcgcagcgaaagcgataaacacaccgcctggggagtacgaccgcaaggtta	SAR11_Surface_1__Alpha__1958_bp_rna	99.7	370	1	0	1	370	1	370	6.8e-199	678.8
tacgaactgtgcaaacgttattcggaatcactgggcttaaagggtgcgtaggcgggcttaaaggtccgatgtgaaagcccacggctcaaccgtggaattgcgttggaaaccataagtcttgagggagtcagaggtgagcgtaactgatggtggagcggtgaaatgcgttgatatcatcaggaacaccggtggcgaaagcggctcactgggactcttctgacgctgaggcacgaaagctaggggagcgaacgggattagataccccggtagtcctagctgtaaacgatcagtactagtctgtggggacttccacatcctctcggacgtagcgaaagtgttaagtactgcgcctggggagtatggtcgcaaggctg	Planctomyces_1460_bp_rna	99.7	374	1	0	1	374	1	374	4.1e-201	686.2
tacgaactgtgcaaacgttattcggaatcactgggcttaaagggtgcgtaggcgggcttaaaggtccgatgtgaaagcccacggctcaaccgtggaattgcgttggaaaccataagtcttgagggagtcagaggtgagcggaactgatggtggagcggtgaaatgcgttgatatcatcaggaacaccggtggcgaaagcggctcactgggactcttctgacgctgaggcacgaaagctaggggagcgaacgggattagatacccaggtagtcctagctgtaaacgatcagtactagtctgtggggacttccacatcctctcggacgtagcgaaagtgttaagtactgcgcctggggagtatggtcgcaaggctg	Planctomyces_1460_bp_rna	99.7	374	1	0	1	374	1	374	4.1e-201	686.2
tacgaagggacctagcgtagttcggaattactgggcttaaagagttcgtaggtggttgaaaaagttggtggtgaaatcccagagcttaactctggaactgccatcaaaacttttcagctagagtatgatagaggaaagcagaatttctagtgtagaggtgaaattagtagatattagaaagaataccaattgcgaaggcagctttctggatcattactgacactgaggaacgaaaacatgggtagcgaagaggattagataccctcgtagtccatgccgtaaacgatgtgtgttagacgttggaaatttattttcagtgtcgcagcgaaagcgataaacacaccgcctggggagtacgaccgcaaggtta	SAR11_Surface_1__Alpha__1958_bp_rna	99.7	370	1	0	1	370	1	370	6.8e-199	678.8
tacgaactgtgcaaacgttattcggaatcactgggcttaaagggtgcgtaggcgggcttaaaggtcctatgtgaaagcccacggctcaaccgtggaattgcgttggaaaccataagtcttgagggagtcagaggtgagcggaactgatggtggagcggtgaaatgcgttgatatcatcaggaacaccggtggcgaaagcggctcactgggactcttctgacgctgaggcacgaaagctaggggagcgaacgggattagataccccggtagtcctagctgtaaacgatcagtactagtctgtggggacttccacatcctctcggacgtagcgaaagtgttaagtactgcgcctggggagtatggtcgcaaggctg	Planctomyces_1460_bp_rna	99.7	374	1	0	1	374	1	374	4.1e-201	686.2
tacgaactgtgcaaacgttattcggaatcactgggcttaaagggtgcgtaggcgggcttaaaggtccgatgtgaaagcccacggctcaaccgtggaattgcgttggaaaccataagtcttgagggagtcagaggtgagcggaactgatggtggagcggtgaaatgcgttgatatcatcaggaacaccggtggcgaaagcggctcactgggactcttctgacgctgaggcacgaaagctaggggagcgaacgggattagataccacggtagtcctagctgtaaacgatcagtactagtctgtggggacttccacatcctctcggacgtagcgaaagtgttaagtactgcgcctggggagtatggtcgcaaggctg	Planctomyces_1460_bp_rna	99.7	374	1	0	1	374	1	374	4.1e-201	686.2
tacgaactgtgcaaacgttattcggaatcactgggcttaaagggtgcgtaggcgggcttaaaggtccgatgtgaaagcccacggctcaacagtggaattgcgttggaaaccataagtcttgagggagtcagaggtgagcggaactgatggtggagcggtgaaatgcgttgatatcatcaggaacaccggtggcgaaagcggctcactgggactcttctgacgctgaggcacgaaagctaggggagcgaacgggattagataccccggtagtcctagctgtaaacgatcagtactagtctgtggggacttccacatcctctcggacgtagcgaaagtgttaagtactgcgcctggggagtatggtcgcaaggctg	Planctomyces_1460_bp_rna	99.7	374	1	0	1	374	1	374	4.1e-201	686.2
tacgaactgtgcaaacgttattcggaatcactgggcttaaagggtgcgtaggcgggcttaaaggtccgatgtgaaagcccacggctcaaccgtggaattgcgttggaaaccataagtcttgagggagtcagaggtgagcggaactgatggtggagcggttaaatgcgttgatatcatcaggaacaccggtggcgaaagcggctcactgggactcttctgacgctgaggcacgaaagctaggggagcgaacgggattagataccccggtagtcctagctgtaaacgatcagtactagtctgtggggacttccacatcctctcggacgtagcgaaagtgttaagtactgcgcctggggagtatggtcgcaaggctg	Planctomyces_1460_bp_rna	99.7	374	1	0	1	374	1	374	4.1e-201	686.2
tacgaagggacctagcgtagttcggaattactgggcttaaagagttcgtaggttgttgaaaaagttggtggtgaaatcccagagcttaactctggaactgccatcaaaacttttcagctagagtatgatagaggaaagcagaatttctagtgtagaggtgaaattcgtagatattagaaagaataccaattgcgaaggcagctttctggatcattactgacactgaggaacgaaaacatgggtagcgaagaggattagataccctcgtagtccatgccgtaaacgatgtgtgttagacgttggaaatttattttcagtgtcgcagcgaaagcgataaacacaccgcctggggagtacgaccgcaaggtta	SAR11_Surface_1__Alpha__1958_bp_rna	99.7	370	1	0	1	370	1	370	6.8e-199	678.8
tacgaagggacctagcgtagttcggaattactgggcttaaagagttcgtaggtggttgaaaaagttggtggtgaaatcccagagcttaactctggaactgccatcaaaacttttcagctagagtatgatagaggaaagcagaatttctagtgtagaggtgaaattcgtagatattagaaagaataccaattgcgaaggcagctttctggatcattactgacactgaggaacgaaaacatgggtagcgaagaggattagatacccccgtagtccatgccgtaaacgatgtgtgttagacgttggaaatttattttcagtgtcgcagcgaaagcgataaacacaccgcctggggagtacgaccgcaaggtta	SAR11_Surface_1__Alpha__1958_bp_rna	99.7	370	1	0	1	370	1	370	6.8e-199	678.8
tacgaactgtgcaaacgttattcggaataactgggcttaaagggtgcgtaggcgggcttaaaggtccgatgtgaaagcccacggctcaaccgtggaattgcgttggaaaccataagtcttgagggagtcagaggtgagcggaactgatggtggagcggtgaaatgcgttgatatcatcaggaacaccggtggcgaaagcggctcactgggactcttctgacgctgaggcacgaaagctaggggagcgaacgggattagataccccggtagtcctagctgtaaacgatcagtactagtctgtggggacttccacatcctctcggacgtagcgaaagtgttaagtactgcgcctggggagtatggtcgcaaggctg	Planctomyces_1460_bp_rna	99.7	374	1	0	1	374	1	374	4.1e-201	686.2
tacataggggtcaagcgttgtccggatttattgggcgtaaagagctcgtaggcggttcaacaagtcggtcgtaaaagtttagggctcaaccctaaaatgtcgatcgatactgttgtgactaggatacggtagaggtgaatggaattccgagtgtagcggtgaaatgcgtagatattcggaggaacaccaattgcgaaggcagttcactggaccgtgatcgacgctgaggagcgaaagctagggtagcaaacaggattagataccctggtagtcctagctgtaaacgatggatactagatgtaggaactggattgacggtttctgtatcgtagctaacgcgttaagtatcccgcctggggagtacggtcgcaagacta	OCS155_a__Actino__1765_bp_rna	99.7	377	1	0	1	377	1	377	8.8e-203	691.8
tacgaagggacctagcgtagttcggaattactgggcttaaagagttcgtaggtggtttaaaaagttggtggtgaaatcccagagcttaactctggaactgccatcaaaacttttcagctagagtatgatagaggaaagcagaatttctagtgtagaggtgaaattcgtagatattagaaagaataccaattgcgaaggcagctttctggatcattactgacactgaggaacgaaaacatgggtagcgaagaggattagataccctcgtagtccatgccgtaaacgatgtgtgttagacgttggaaatttattttcagtgtcgcagcgaaagcgataaacacaccgcctggggagtacgaccgcaaggtta	SAR11_Surface_1__Alpha__1958_bp_rna	99.7	370	1	0	1	370	1	370	6.8e-199	678.8
tacgaactgtgcaaacgttattcggaatcactgggcttaaagggtgcgtaggcgggcttaaaggtccgatgtgaaagcccacggctcaaccgtggaattgcgttggaaaccataagtcttgagggagtcagaggtgagcggaactgatggtggagcggtgaaatgcgttgatatcatcaggaacaccggtggcgaaagcggctcactgggactcttctgacgctgaggcacgaaagctagtggagcgaacgggattagataccccggtagtcctagctgtaaacgatcagtactagtctgtggggacttccacatcctctcggacgtagcgaaagtgttaagtactgcgcctggggagtatggtcgcaaggctg	Planctomyces_1460_bp_rna	99.7	374	1	0	1	374	1	374	4.1e-201	686.2
tacataggggtcaagcgttgtccggatttattgggcgtaaagagctcgtaggcggttcaacaagtaggtcgtaaaagtttagggctcaaccctaaaatgtcgatcgatactgttgtgactaggatacggtagaggtgaatggaattccgagtgtagcggtgaaatgcgtagatattcggaggaacaccaattgcgaaggcagttcactggaccgtgatcgacgctgaggagcgaaagctaggggagcaaacaggattagataccctggtagtcctagctgtaaacgatggatactagatgtaggaactggattgacggtttctgtatcgtagctaacgcgttaagtatcccgcctggggagtacggtcgcaagacta	OCS155_a__Actino__1765_bp_rna	99.7	377	1	0	1	377	1	377	8.8e-203	691.8
tacgaactgtgcaaacgttattcggaatcactgggcttaaagggtgcgtaggcgggcttaaaggtccgatgtgaaagcccacggctcaaccgtggaattgcgttggaaaccataagtcttgatggagtcagaggtgagcggaactgatggtggagcggtgaaatgcgttgatatcatcaggaacaccggtggcgaaagcggctcactgggactcttctgacgctgaggcacgaaagctaggggagcgaacgggattagataccccggtagtcctagctgtaaacgatcagtactagtctgtggggacttccacatcctctcggacgtagcgaaagtgttaagtactgcgcctggggagtatggtcgcaaggctg	Planctomyces_1460_bp_rna	99.7	374	1	0	1	374	1	374	4.1e-201	686.2
tacgaactgtgcaaacgttattcggaatcactgggcttaaagggtgcgtaggcgggcttaaaggtccgatgttaaagcccacggctcaaccgtggaattgcgttggaaaccataagtcttgagggagtcagaggtgagcggaactgatggtggagcggtgaaatgcgttgatatcatcaggaacaccggtggcgaaagcggctcactgggactcttctgacgctgaggcacgaaagctaggggagcgaacgggattagataccccggtagtcctagctgtaaacgatcagtactagtctgtggggacttccacatcctctcggacgtagcgaaagtgttaagtactgcgcctggggagtatggtcgcaaggctg	Planctomyces_1460_bp_rna	99.7	374	1	0	1	374	1	374	4.1e-201	686.2
tacataggggtcaagcgttgtcaggatttattgggcgtaaagagctcgtaggcggttcaacaagtcggtcgtaaaagtttagggctcaaccctaaaatgtcgatcgatactgttgtgactaggatacggtagaggtgaatggaattccgagtgtagcggtgaaatgcgtagatattcggaggaacaccaattgcgaaggcagttcactggaccgtgatcgacgctgaggagcgaaagctaggggagcaaacaggattagataccctggtagtcctagctgtaaacgatggatactagatgtaggaactggattgacggtttctgtatcgtagctaacgcgttaagtatcccgcctggggagtacggtcgcaagacta	OCS155_a__Actino__1765_bp_rna	99.7	377	1	0	1	377	1	377	8.8e-203	691.8
tacgaactgtgcaaacgttattcggaatcactgggcttaaagggtgcgtaggcgggcttaaaggtccgatgtgaaagcccacggctcaaccatggaattgcgttggaaaccataagtcttgagggagtcagaggtgagcggaactgatggtggagcggtgaaatgcgttgatatcatcaggaacaccggtggcgaaagcggctcactgggactcttctgacgctgaggcacgaaagctaggggagcgaacgggattagataccccggtagtcctagctgtaaacgatcagtactagtctgtggggacttccacatcctctcggacgtagcgaaagtgttaagtactgcgcctggggagtatggtcgcaaggctg	Planctomyces_1460_bp_rna	99.7	374	1	0	1	374	1	374	4.1e-201	686.2
tacgaactgtgcaaacgttattcgtaatcactgggcttaaagggtgcgtaggcgggcttaaaggtccgatgtgaaagcccacggctcaaccgtggaattgcgttggaaaccataagtcttgagggagtcagaggtgagcggaactgatggtggagcggtgaaatgcgttgatatcatcaggaacaccggtggcgaaagcggctcactgggactcttctgacgctgaggcacgaaagctaggggagcgaacgggattagataccccggtagtcctagctgtaaacgatcagtactagtctgtggggacttccacatcctctcggacgtagcgaaagtgttaagtactgcgcctggggagtatggtcgcaaggctg	Planctomyces_1460_bp_rna	99.7	374	1	0	1	374	1	374	4.1e-201	686.2
tacggaggatccaagcgttatccggaatcattgggtttaaagggtccgtaggtggacaaataagtcagaggtgaaatcctgcagctcaactgtagaactgcctttgatactgtttgtcttgagttattatgaagtggttagaatgtgtagtgtagcggtgaaatgcatagatattacacagaataccgattgcgaaggcagatcactaataattaactgacactgagggacgaaagcgtgggtagcgaacaggattagataccctggtagtccacgccgtaaacgatggtcactagctgtttggacttcggtctgagtggctaagcgaaagtgataagtgacccacctggggagtacgttagcaagaatg	Flavobacteria_2061_bp_rna	99.7	370	1	0	1	370	1	370	6.8e-199	678.8
tacgaactgtgcaaacgttattcggaatcactgggcttaaagggtgcgtaggcgggcttaaaggtccgatgtgaaagcccacggctcaaccgtggaattgcgttggaaaccataagtcttgagggagtcagaggtgagcggaactgatggtggagcggtgaaatgcgttgatatcatcaggaacaccggtggcgaaagcggctcactgggactcttctgacgctgaggcacgaaagctaggggagcgaacgggattagataccccggtagtcctagctgtaaacgatcagtactagtctgtggggacttccacatcctctcggacgtagcgaaagtgttaagtactgcgcctgggtagtatggtcgcaaggctg	Planctomyces_1460_bp_rna	99.7	374	1	0	1	374	1	374	4.1e-201	686.2
tacataggggtcaagcgttgtccggatttattgggcgtaaagagctcgtaggcggttcaacaagtcggtcgtaaaagtttagggctcaaccctaaaatgtcgatcgatactgttgtgactaggatacggtagaggtgaatggaattccgagtgtagcggtgaaatgcgtagatattcggaggaacaccaattgcgaaggcagttcactggaccgtgatcgacgctgagtagcgaaagctaggggagcaaacaggattagataccctggtagtcctagctgtaaacgatggatactagatgtaggaactggattgacggtttctgtatcgtagctaacgcgttaagtatcccgcctggggagtacggtcgcaagacta	OCS155_a__Actino__1765_bp_rna	99.7	377	1	0	1	377	1	377	8.8e-203	691.8
tacataggggtcaagcgttgtccggatttattgggcgtaaagagctcgtaggcggttcaacaagtcggtcgtaaaagtttagggctcaaccctaaaatgtcgatcgatactgttgtgactaggatacggtagaggtgaatggaattccgagtgtagcggtgaaatgcgtagatattcggaggaacaccaattgcgaaggcagttaactggaccgtgatcgacgctgaggagcgaaagctaggggagcaaacaggattagataccctggtagtcctagctgtaaacgatggatactagatgtaggaactggattgacggtttctgtatcgtagctaacgcgttaagtatcccgcctggggagtacggtcgcaagacta	OCS155_a__Actino__1765_bp_rna	99.7	377	1	0	1	377	1	377	8.8e-203	691.8
tacgaactgtgcaaacgttattcggaatcactgggcttaaagggtgcgtaggcgggcttaaaggtccgatgtgaaagcccacggctcaaccgtggaattgcgttggaaaccataagtcttgagggagtaagaggtgagcggaactgatggtggagcggtgaaatgcgttgatatcatcaggaacaccggtggcgaaagcggctcactgggactcttctgacgctgaggcacgaaagctaggggagcgaacgggattagataccccggtagtcctagctgtaaacgatcagtactagtctgtggggacttccacatcctctcggacgtagcgaaagtgttaagtactgcgcctggggagtatggtcgcaaggctg	Planctomyces_1460_bp_rna	99.7	374	1	0	1	374	1	374	4.1e-201	686.2
tacataggggtcaagcgttgtccggatttattgggcgtaaagagctcgtaggcggttcaacaagtcggtcgtaaaagtttagggctcaaccctaaaatgtcgatcgatactgttgtgactaggatacggtagaggtgaatggaattccgagtgtagcggtgaaatgcgtagatattcggaggaacaccaattgcgaaggcagttcactggaccgtgatcgacgctgaggagcgaaagctaggggagcaaacaggattagataccctggtagtcctagctgtaaacgatggatactagatgtaggaactggattgacggtttctgtatcgtagctaacgcgttaagtatcccgcctggggagtacggtcgcaatacta	OCS155_a__Actino__1765_bp_rna	99.7	377	1	0	1	377	1	377	8.8e-203	691.8
tacataggggtcaagcgttgtccggatttattgggcgtaaagagctcgtaggcggttcaacaagtctgtcgtaaaagtttagggctcaaccctaaaatgtcgatcgatactgttgtgactaggatacggtagaggtgaatggaattccgagtgtagcggtgaaatgcgtagatattcggaggaacaccaattgcgaaggcagttcactggaccgtgatcgacgctgaggagcgaaagctaggggagcaaacaggattagataccctggtagtcctagctgtaaacgatggatactagatgtaggaactggattgacggtttctgtatcgtagctaacgcgttaagtatcccgcctggggagtacggtcgcaagacta	OCS155_a__Actino__1765_bp_rna	99.7	377	1	0	1	377	1	377	8.8e-203	691.8
tacggaggatccaagcgttatccggaatcattgggtttaaagggtccgtaggtggacaaataagtcagaggtgaaatcccgcagctcaactgtagaactgcctttgatactgtttgtcttgagttattatgaagtggttagaatgtgtagtgtagcggtgaaatgcatagatattacacagaataccgattgcgaaggcagatcactaataattaactgacactgagggacgaaagcgtgggtagcgaacaggattagataccctggtagtccacgccgtaaacgatggtcactagctgtttggacttcggtctgagtggctaagcgaaagtgataagtgacccacctggggagtacgttcgcaagaatg	Flavobacteria_2061_bp_rna	99.7	370	1	0	1	370	1	370	6.8e-199	678.8
tacataggggtcaagcgttgtccggatttattgggcgtaaagagctcgtaggcggttcaacaagtcggtcgtaaaagtttagggctcaaccctaaaatgtcgatcgatactgttgtgactaggatacggtagaggtgaatggaattccgagtgtagcggtgaaatgcgtagatattcggaggaacaccaattgcgaaggcagttcactggaccgtgatcgacgctgaggagcgaaagctaggggagcaaacaggattagataccctggtagtcctagctgtaaacgatggatactagatgtaggaactggattgacggtttctgtatcgtagctaacgcgttaagtatccagcctggggagtacggtcgcaagacta	OCS155_a__Actino__1765_bp_rna	99.7	377	1	0	1	377	1	377	8.8e-203	691.8
tacgaactgtgcaaacgttattcggaatcactgggcttaaagggtgcgtaggcgggcttaaaggtccgatgtgaaagcccacggctcaaccgtggaattgcgttggaaaccataagtcttgagggagtcagaggtgagcggaactgatggtggagcggtgaaatgcgttgatatcatcaggaacaccggtggcgaaagcggctcactgggactcttctgacgctgaggcactaaagctaggggagcgaacgggattagataccccggtagtcctagctgtaaacgatcagtactagtctgtggggacttccacatcctctcggacgtagcgaaagtgttaagtactgcgcctggggagtatggtcgcaaggctg	Planctomyces_1460_bp_rna	99.7	374	1	0	1	374	1	374	4.1e-201	686.2
tacgaactgtgcaaacgttattcggaatcactgggcttaaagggtgcgtaggcgggcttaaaggtccgatgtgaaagcccacggctcaaccgtggaattgcgttggaaaccataagtcttgagggagtcagaggtgagcggaactgatggtggagcggtgaaatgcgttgatatcatcaggaacaccggtggcgaaagcggctcactgggactcttctgacgctgaggcacgaaagctaggggagcgaacgggattagataccccggtagtcctagctgtaaacgatcagtactagtatgtggggacttccacatcctctcggacgtagcgaaagtgttaagtactgcgcctggggagtatggtcgcaaggctg	Planctomyces_1460_bp_rna	99.7	374	1	0	1	374	1	374	4.1e-201	686.2
tacgaactgtgcaaacgttattcggaatcactgggcttaaagggtgcgtaggcgggcttaaaggtccgatgtgaaagcccacggctaaaccgtggaattgcgttggaaaccataagtcttgagggagtcagaggtgagcggaactgatggtggagcggtgaaatgcgttgatatcatcaggaacaccggtggcgaaagcggctcactgggactcttctgacgctgaggcacgaaagctaggggagcgaacgggattagataccccggtagtcctagctgtaaacgatcagtactagtctgtggggacttccacatcctctcggacgtagcgaaagtgttaagtactgcgcctggggagtatggtcgcaaggctg	Planctomyces_1460_bp_rna	99.7	374	1	0	1	374	1	374	4.1e-201	686.2
tacgaactgtgcaaacgttattctgaatcactgggcttaaagggtgcgtaggcgggcttaaaggtccgatgtgaaagcccacggctcaaccgtggaattgcgttggaaaccataagtcttgagggagtcagaggtgagcggaactgatggtggagcggtgaaatgcgttgatatcatcaggaacaccggtggcgaaagcggctcactgggactcttctgacgctgaggcacgaaagctaggggagcgaacgggattagataccccggtagtcctagctgtaaacgatcagtactagtctgtggggacttccacatcctctcggacgtagcgaaagtgttaagtactgcgcctggggagtatggtcgcaaggctg	Planctomyces_1460_bp_rna	99.7	374	1	0	1	374	1	374	4.1e-201	686.2
tacgaactgtgcaaacgttattcggaatcactgggcttaaagggtgcgtaggcgggcttaaaggtccgatgtgaaagcccacggctcaaccgtggaattgcgttggaaaccataagtcttgaggtagtcagaggtgagcggaactgatggtggagcggtgaaatgcgttgatatcatcaggaacaccggtggcgaaagcggctcactgggactcttctgacgctgaggcacgaaagctaggggagcgaacgggattagataccccggtagtcctagctgtaaacgatcagtactagtctgtggggacttccacatcctctcggacgtagcgaaagtgttaagtactgcgcctggggagtatggtcgcaaggctg	Planctomyces_1460_bp_rna	99.7	374	1	0	1	374	1	374	4.1e-201	686.2
tacgaactgtgcaaacgttattcggaatcactgggcttaaagggtgcgtaggcgggcttaaaggtccgatgtgaaagcccacggctcaaccgtggaattgcgttggaaaccataagtcttgagggagtcagaggtgagcggaactgatggtggagcggtgaaatgcgttgatatcatcaggaacaccggtggcgaaagcggctcactgggactcttctgacgctgaggcacgaaagctaggggagcgaacgggattagataccccggtagtcctagctgtaaacgatcagtactagtctgtggggacttccacatcctctcggacgtagcgaaagtgttaagtactgcgcctggggagtatggtcgcaatgctg	Planctomyces_1460_bp_rna	99.7	374	1	0	1	374	1	374	4.1e-201	686.2
tacgaagggacctagcgtagttcggaattactgggcttaaagagttagtaggtggttgaaaaagttggtggtgaaatcccagagcttaactctggaactgccatcaaaacttttcagctagagtatgatagaggaaagcagaatttctagtgtagaggtgaaattcgtagatattagaaagaataccaattgcgaaggcagctttctggatcattactgacactgaggaacgaaaacatgggtagcgaagaggattagataccctcgtagtccatgccgtaaacgatgtgtgttagacgttggaaatttattttcagtgtcgcagcgaaagcgataaacacaccgcctggggagtacgaccgcaaggtta	SAR11_Surface_1__Alpha__1958_bp_rna	99.7	370	1	0	1	370	1	370	6.8e-199	678.8
tacgaactgtgcaaacgttattcggaatcactgggcttaaagggtgcgtaggcgggcttaaaggtccgatgtgaaagcccacggctcaaccgtggaattgcgttggaaaccataagtcttgagggagtcagaggtgagcggaactgattgtggagcggtgaaatgcgttgatatcatcaggaacaccggtggcgaaagcggctcactgggactcttctgacgctgaggcacgaaagctaggggagcgaacgggattagataccccggtagtcctagctgtaaacgatcagtactagtctgtggggacttccacatcctctcggacgtagcgaaagtgttaagtactgcgcctggggagtatggtcgcaaggctg	Planctomyces_1460_bp_rna	99.7	374	1	0	1	374	1	374	4.1e-201	686.2
tacgaggggtgctagcgttgtccggaatcattgggcgtaaagggtccgtaggcggtttaacaagtcaattgttaaagacatcggcttaaccgatggagtgcaattgaaactgttagaatagagtttaggagaggaaagtggaatttctggtgtagcggtgacatgcgtagatatcagaaggaacaccaatggcgaaggcaactttctggcctaaaactgacgctgagggacgaaagcgtggggagcgaacaggattagataccctggtagtccacgccgtaaacgatgagtatttgttgtcgggagattcgaccctctcggtagcggagctaacgcgttaaatactccgcctgggtactacgaccacaaggttg	Marine_Group_A__aka_SAR406__1992_bp_rna	99.7	374	1	0	1	374	1	374	4.1e-201	686.2
tacgaactgtgcaaacgttattcggaatcactgggcttaaagggtgcgtaggcgggcttaaaggtccgatgtgaaagccaacggctcaaccgtggaattgcgttggaaaccataagtcttgagggagtcagaggtgagcggaactgatggtggagcggtgaaatgcgttgatatcatcaggaacaccggtggcgaaagcggctcactgggactcttctgacgctgaggcacgaaagctaggggagcgaacgggattagataccccggtagtcctagctgtaaacgatcagtactagtctgtggggacttccacatcctctcggacgtagcgaaagtgttaagtactgcgcctggggagtatggtcgcaaggctg	Planctomyces_1460_bp_rna	99.7	374	1	0	1	374	1	374	4.1e-201	686.2
tacgaactgtgcaaacgttattcggaatcactgggcttaaagtgtgcgtaggcgggcttaaaggtccgatgtgaaagcccacggctcaaccgtggaattgcgttggaaaccataagtcttgagggagtcagaggtgagcggaactgatggtggagcggtgaaatgcgttgatatcatcaggaacaccggtggcgaaagcggctcactgggactcttctgacgctgaggcacgaaagctaggggagcgaacgggattagataccccggtagtcctagctgtaaacgatcagtactagtctgtggggacttccacatcctctcggacgtagcgaaagtgttaagtactgcgcctggggagtatggtcgcaaggctg	Planctomyces_1460_bp_rna	99.7	374	1	0	1	374	1	374	4.1e-201	686.2
tacataggggccaagcgttgtccggatttattgggcgtaaagagctcgtaggcggttcaacaagtcggtcgtaaaagtttagggctcaaccctaaaatgtcgatcgatactgttgtgactaggatacggtagaggtgaatggaattccgagtgtagcggtgaaatgcgtagatattcggaggaacaccaattgcgaaggcagttcactggaccgtgatcgacgctgaggagcgaaagctaggggagcaaacaggattagataccctggtagtcctagctgtaaacgatggatactagatgtaggaactggattgacggtttctgtatcgtagctaacgcgttaagtatcccgcctggggagtacggtcgcaagacta	OCS155_a__Actino__1765_bp_rna	99.7	377	1	0	1	377	1	377	8.8e-203	691.8
tacgaactgtgcaaacgttattcggaatcactgggcttaaagggtgcgtaggcgggcttaaaggtccgatgtgaaagcccacggctcaaccgtggaattgcgttggaaaccataagtcttgagggagtcagaggtgagcggaactgatggtggagcggtgaaatgcgttgatatcatcaggaacaccggtggcgaaagcggctcactgggactcttctgacgctgaggcacgaaagctaggggagcgaacgggattagataccccggtagtcctagctgtaaacgatcagtactagtctgtggggacttccacatcctctcggacgtagcgaaagtgttaagtactgcgcctggggagtattgtcgcaaggctg	Planctomyces_1460_bp_rna	99.7	374	1	0	1	374	1	374	4.1e-201	686.2
tacataggggtcaagcgttgtccggatttatttggcgtaaagagctcgtaggcggttcaacaagtcggtcgtaaaagtttagggctcaaccctaaaatgtcgatcgatactgttgtgactaggatacggtagaggtgaatggaattccgagtgtagcggtgaaatgcgtagatattcggaggaacaccaattgcgaaggcagttcactggaccgtgatcgacgctgaggagcgaaagctaggggagcaaacaggattagataccctggtagtcctagctgtaaacgatggatactagatgtaggaactggattgacggtttctgtatcgtagctaacgcgttaagtatcccgcctggggagtacggtcgcaagacta	OCS155_a__Actino__1765_bp_rna	99.7	377	1	0	1	377	1	377	8.8e-203	691.8
tacgaactgtgcaaacgttattcggaatcactgggcttaaagggtgcgtaggcgggcttaaaggtccgatgtgaaagcccacggctcaaccgtggaattgcgttggaaaccataagtcttgagggagtcagaggtgagcggaactgatggtggagcggtgaaatgcgttgatatcatcaggaacaccggtggcgaaagcggctcactgggactcttctgacgctgaggcacgaaagctaggggagcgaacgggattagataccctggtagtcctagctgtaaacgatcagtactagtctgtggggacttccacatcctctcggacgtagcgaaagtgttaagtactgcgcctggggagtatggtcgcaaggctg	Planctomyces_1460_bp_rna	99.7	374	1	0	1	374	1	374	4.1e-201	686.2
tacgaactgtgcaaacgttattcggaatcactgggcttaaagggtgcgtaggcgggcttaaaggtccgatgtgaaagcccacggctcaaccgtggaattgcgttggaaaccataagtcttgagggagtcagaggtgagcggaactgatggtggagcggtgaaatgcgttgatatcatcaggaacaccggtggcgaaagcggctcactgggactcttctgacgctgaggcacgaaagctaggggagcgaacgggattagatacccctgtagtcctagctgtaaacgatcagtactagtctgtggggacttccacatcctctcggacgtagcgaaagtgttaagtactgcgcctggggagtatggtcgcaaggctg	Planctomyces_1460_bp_rna	99.7	374	1	0	1	374	1	374	4.1e-201	686.2
tacgaactgtgcaaacgttattcggaatcactgggcttaaagggtgcgtaggcgggcttaaaggtccgatgtgaaagcccacggctcaaccgtggaattgcgttggaaaccataagtcttgagggagtcagaggtgagcggaactgatggtggagcggtgaaatgcgttgatatcatcaggaacaccggtggcgaaagcggctcactgggactcttctgacgctgaggcacgaaagctaggggagcgaacgggattagataccccggtagtcctagctgtaaacgatcagtactagtctgtgggtacttccacatcctctcggacgtagcgaaagtgttaagtactgcgcctggggagtatggtcgcaaggctg	Planctomyces_1460_bp_rna	99.7	374	1	0	1	374	1	374	4.1e-201	686.2
tacggagggtgcaagcgttaatcggaattactgggcgtaaagcgcgcgtaggtggcttgataagccggttgtgaaagccccgggctcaacctgggaacggcatccggaactgtcaagctagagtgcaggagaggaaggtagaattcccggtgtagcggtgaaatgcgtagagatcgggaggaataccagtggcgaaggcggccttctggactgacactgacactgaggtgcgaaagcgtgggtagcaaacaggattagataccctggtagtccacgccgtaaacgatgtcgactagccgttgggtgcctcgagcacttagtggcgcagttaacgcgataagtcgaccgcctggggagtacggccgcaaggtta	SAR86_a__Gamma__1729_bp_rna	83.6	373	54	1	1	373	1	366	2.2e-99	348.3
tacataggggtcaagcgttgtccggatttattgggcgtaaagagctcgtaggcggttcaacaagtcggtcgtaaaagtttagggctcaaccctaaaatgtcgatcgatactgttgtgactaggatacggtaggggtgaatggaattccgagtgtagcggtgaaatgcgtagatattcggaggaacaccaattgcgaaggcagttcactggaccgtgatcgacgctgaggagcgaaagctaggggagcaaacaggattagataccctggtagtcctagctgtaaacgatggatactagatgtaggaactggattgacggtttctgtatcgtagctaacgcgttaagtatcccgcctggggagtacggtcgcaagacta	OCS155_a__Actino__1765_bp_rna	99.7	377	1	0	1	377	1	377	8.8e-203	691.8
tacggaggatccaagcgttatccggaatcattgggtttaaagggtccgtaggtggacaaataagtcagaggtgaaatcctgcagctcaactgtagaactgcctttgatactgtttgtcttgagttattatgaagtggttagaatgtgtagtgtagcggtgaaatgcatagatattacacagaataccgattgcgaaggcagatcactaataattaactgacactgaggggcgaaagcgtgggtagcgaacaggattagataccctggtagtccacgccgtaaacgatggtcactagctgtttggacttcggtctgagtggctaagcgaaagtgataagtgacccacctggggagtacgttcgcaagaatg	Flavobacteria_2061_bp_rna	99.7	370	1	0	1	370	1	370	6.8e-199	678.8
tacgaactgtgcaaacgttattcggaatcactgggcttaaagggtgcgtaggcgggcttaaaggtcagatgtgaaagcccacggctcaaccgtggaattgcgttggaaaccataagtcttgagggagtcagaggtgagcggaactgatggtggagcggtgaaatgcgttgatatcatcaggaacaccggtggcgaaagcggctcactgggactcttctgacgctgaggcacgaaagctaggggagcgaacgggattagataccccggtagtcctagctgtaaacgatcagtactagtctgtggggacttccacatcctctcggacgtagcgaaagtgttaagtactgcgcctggggagtatggtcgcaaggctg	Planctomyces_1460_bp_rna	99.7	374	1	0	1	374	1	374	4.1e-201	686.2
tacgaactgtgcaaacgttattcggaatcactgggcttaaagggtgcgtaggcgggcttaaaggtccgatgtgaaagcccacggctcaaccgtggaattgcgttggaaaccataagtcttgagggagtcagaggtgagcggaactgatggtggagcggtgaaatgcgttgatatcatcaggaacaccggtggcgaaagcggctcactgggactcttctgacgctgaggcacgaaagctaggggagcgaacgggattagataccccggtagtcctagctgtaaacgatcagtactagtctgttgggacttccacatcctctcggacgtagcgaaagtgttaagtactgcgcctggggagtatggtcgcaaggctg	Planctomyces_1460_bp_rna	99.7	374	1	0	1	374	1	374	4.1e-201	686.2
gtgtcagcagccgcggtggctggcacctcaagtggtcaggatgattattgggcctaaagcatccgtagccggctctgtaagttttcggttaaatctgtacgctcaacgtacaggctgccgggaatactgcaaagctagggagtgggagaagtagacggtactcggtaggaagtggtaaaatgctttgatctatcgatgaccacctgtggcgaaggcggtctactagaacgcgtccgacggtgagggatgaaagctgggggagcaaaccggattagatacccgggtagtcccagctgtaaactatgcaaactcagtgatgcattggcttgtggccaatgcagtgctgcagggaagccgttaagtttgccgcctgggaagtacgtacgcaagtatg	Taumarchaea_MGI_a_1364_bp_rna	100.0	372	0	0	23	394	6	377	1.2e-201	688.1
tacggagggtgcgagcgttaatcggaattactgggcgtaaagcgcgcgtaggtggcttgataagccggttgtgaaagccccgggctcaacctgggaacggcatccggaactgtcaggctagagtgcaggagaggaaggtagaattcccggtgtagcggtgaaatgcgtagagatcgggaggaataccagtggcgaaggcggccttctggactgacactgacactgaggtgcgaaagcgtgggtagcaaacaggattagataccctggtagtccacgccgtaaacgatgtcgaccagccgttgggtgcctagcgcactttgtggcgaagttaacgcgataagtcgaccgcctggggagtacggccgcaaggtta	SAR86_a__Gamma__1729_bp_rna	82.0	373	60	1	1	373	1	366	2.2e-89	315.1
tacgaactgtgcaaacgttattcggaatcactgggcttaaagggtgcgtaggcgggcttaaaggtccgatgtgaaagcccacggctcaaccgtggaattgcgttggaaaccataagtcttgagggagtcagaggtgagcggaactgatggtggagcggtgaaatgcgttgatatcatcaggaacaccggtggcgaaagcggctcactgggactcttctgacgctgaggcacgaaagctaggggagcgaacggtattagataccccggtagtcctagctgtaaacgatcagtactagtctgtggggacttccacatcctctcggacgtagcgaaagtgttaagtactgcgcctggggagtatggtcgcaaggctg	Planctomyces_1460_bp_rna	99.7	374	1	0	1	374	1	374	4.1e-201	686.2
tacggaggatccaagcgttatccggaatcattgggtttaaagggtccgtaggtggacaaataagtcagaggtgaaatcctgcagctcaactgtagaactgcctttgatactgtttgtcttgagttattatgaagtggttagaatgtgtagtgtagcggtgaaatgcatagatattacacagaataccgattgcgaaggcagatcactaataattaactgacactgagggacgaaagcgtgggtagcgaacaggattagataccctggtagtccacgccgtaaacgatggtcactagctgtttggacttcggtatgagtggctaagcgaaagtgataagtgacccacctggggagtacgttcgcaagaatg	Flavobacteria_2061_bp_rna	99.7	370	1	0	1	370	1	370	6.8e-199	678.8
tacgaactgtgcaaacgttattcggaatcacttggcttaaagggtgcgtaggcgggcttaaaggtccgatgtgaaagcccacggctcaaccgtggaattgcgttggaaaccataagtcttgagggagtcagaggtgagcggaactgatggtggagcggtgaaatgcgttgatatcatcaggaacaccggtggcgaaagcggctcactgggactcttctgacgctgaggcacgaaagctaggggagcgaacgggattagataccccggtagtcctagctgtaaacgatcagtactagtctgtggggacttccacatcctctcggacgtagcgaaagtgttaagtactgcgcctggggagtatggtcgcaaggctg	Planctomyces_1460_bp_rna	99.7	374	1	0	1	374	1	374	4.1e-201	686.2
tacggaggatccaagcgttatccggaatcattgggtttaaagggtccgtaggtggacaaataagtcagaggtgaaatcctgcagctcaactgtagaactgcctttgatactgcttgtcttgagttattatgaagtggttagaatgtgtagtgtagcggtgaaatgcatagatattacacagaataccgattgcgaaggcagatcactaataattaactgacactgagggacgaaagcgtgggtagcgaacaggattagataccctggtagtccacgccgtaaacgatggtcactagctgtttggacttcggtctgagtggctaagcgaaagtgataagtgacccacctggggagtacgttcgcaagaatg	Flavobacteria_2061_bp_rna	99.7	370	1	0	1	370	1	370	6.8e-199	678.8
tacggaggatccaagcgttatccggaatcattgggtttaaagggtccgtaggtgggcaaataagtcagaggtgaaatcctgcagctcaactgtagaactgcctttgatactgtttgtcttgagttattatgaagtggttagaatgtgtagtgtagcggtgaaatgcatagatattacacagaataccgattgcgaaggcagatcactaataattaactgacactgagggacgaaagcgtgggtagcgaacaggattagataccctggtagtccacgccgtaaacgatggtcactagctgtttggacttcggtctgagtggctaagcgaaagtgataagtgacccacctggggagtacgttcgcaagaatg	Flavobacteria_2061_bp_rna	99.7	370	1	0	1	370	1	370	6.8e-199	678.8
tacgaactgtgcaaacgttattcggaatcactgggcttaaagggtgcgtaggcgggcttaaaggtccgatgtgaaagcccacggctcaaccgtggaattgcgttggaaaccataagtcttgagggagtcagaggtgagcggaactgatggtggagcggtgaaatgcgttgatatcatcaggaacaccggtggcgaaagcggctcactgggactcttctgacgctgaggcacgaaagctaggggagcgaacgggattagataccccggtagtcctagctgtaaacgatcagtactagtctgtgtggacttccacatcctctcggacgtagcgaaagtgttaagtactgcgcctggggagtatggtcgcaaggctg	Planctomyces_1460_bp_rna	99.7	374	1	0	1	374	1	374	4.1e-201	686.2
tacgaactgtgcaaacgttattcggaatcactgggcttaaagggtgcgtaggcgggcttaaaggtccgatgtgaaagcccacggctcaaccgtggaattgcgttggaaaccataagtcttgagggagtcagaggtgagcggaactgatggtggagcggtgaaatgcgtttatatcatcaggaacaccggtggcgaaagcggctcactgggactcttctgacgctgaggcacgaaagctaggggagcgaacgggattagataccccggtagtcctagctgtaaacgatcagtactagtctgtggggacttccacatcctctcggacgtagcgaaagtgttaagtactgcgcctggggagtatggtcgcaaggctg	Planctomyces_1460_bp_rna	99.7	374	1	0	1	374	1	374	4.1e-201	686.2
tacgaactgtgcaaacgttattcggaatcactgggcttaaagggtgcgtaggcgggcttaaaggtccgatgtgaaagcccacggctcaaccgtggaattgcgtttgaaaccataagtcttgagggagtcagaggtgagcggaactgatggtggagcggtgaaatgcgttgatatcatcaggaacaccggtggcgaaagcggctcactgggactcttctgacgctgaggcacgaaagctaggggagcgaacgggattagataccccggtagtcctagctgtaaacgatcagtactagtctgtggggacttccacatcctctcggacgtagcgaaagtgttaagtactgcgcctggggagtatggtcgcaaggctg	Planctomyces_1460_bp_rna	99.7	374	1	0	1	374	1	374	4.1e-201	686.2
tacgaactgtgcaaacgttattcggaatcactgggcttaaagggtgcgtaggcgggcttaaaggtccgatgtgaaagcccacggctcaaccgtggaattgcgttggaaaccataagtcttgagggagtcagaggtgagcggaactgatggtggagcggtgaaatgcgttgatatcatcaggaacaccggtggcgaaagcggctcactgggactcttctgacgctgaggcacgaaagctaggggagcgaacgggattagataccccggtagtcatagctgtaaacgatcagtactagtctgtggggacttccacatcctctcggacgtagcgaaagtgttaagtactgcgcctggggagtatggtcgcaaggctg	Planctomyces_1460_bp_rna	99.7	374	1	0	1	374	1	374	4.1e-201	686.2
tacgaactgtgcaaacgttattcggaatcactgggcttaaagggtgcgtaggcgggcttaaaggtccgatgtgaaagcccacggctcaaccgtggaattgcgttggaaaccataagtcttgagggagtcagaggtgagcggaactgatggtggagcggtgaaatgcgttgatatcatcaggaacaccggtggcgaaagcggctcactgggactcttctgacgctgaggcacgaaagctaggggagcgaacgggattagataccccggtagtcctagctgtaaacgatcagtactagtctgtggggacttccacatcctatcggacgtagcgaaagtgttaagtactgcgcctggggagtatggtcgcaaggctg	Planctomyces_1460_bp_rna	99.7	374	1	0	1	374	1	374	4.1e-201	686.2
tacgtaggtggcaagcgttgtccggaattattgggcgtaaagcgcgcgcaggtggtttaataagtctgatgtgaaagcccacggctcaaccgtggagggtcattggaaactgttaaacttgagtgcaggagagaaaagtggaattcctagtgtagcggtgaaatgcgtagagattaggaggaacaccagtggcgaaggcggctttttggcctgtaactgacactgaggcgcgaaagcgtggggagcaaacaggattagataccctggtagtccacgccgtaaacgatgagtgctaagtgttggtctcataagagatcagtgctgcagctaacgcattaagcactccgcctggggagtacgaccgcaaggttg	SAR86_a__Gamma__1729_bp_rna	80.2	359	65	1	11	369	11	363	2.3e-74	265.2
tacgaactgtgcaaacgttattcggaatcactgggcttaaagggtgcgtaggcgggcttaaaggtccgatgtgaaagcccacggctcaaccgtggaattgcgttggaaaccataagtcttgagggagtcagaggtgagcggaactgatggtggagcggtgaaatgcgttgatatcatcaggaacaccggtggcgaaagcggctcactgggactcttctgacgctgaggcacgaaagctaggggagcgaacgggattagataccccggtagtcctagctgtaaacgatcagtactagtctgtggggacttccacatcctctcggacgtagcgaaagtgttaagtactgcgcctggtgagtatggtcgcaaggctg	Planctomyces_1460_bp_rna	99.7	374	1	0	1	374	1	374	4.1e-201	686.2
tacgaactgtgcaaacgttattcggaatcactgggcttaaagggtgcgtaggcgggcttaaaggtccgatgtgaaagcccacggctcaaccgtggaattgcgttggaaaccataagtcttgagggagtcagaggtgagcggaactgatggtggagcggtgaaatgcgttgatatcatcaggaacaccggtggcgaaagcggctcactgggactcttctgacgctgaggcacgaaagctaggggagcgaacgggattagataccccggtagtcctagctgtaaacgatcagtactagtctgtggggacttccacatcatctcggacgtagcgaaagtgttaagtactgcgcctggggagtatggtcgcaaggctg	Planctomyces_1460_bp_rna	99.7	374	1	0	1	374	1	374	4.1e-201	686.2
tacggaggatccaagcgttatccggaatcattgggtttaaagggtccgtaggtggacaaataagtcagaggtgagcggaactgatggtggagcggtgaaatgcgttgatatcatcaggaacaccggtggcgaaagcggctcactgggactcttctgacgctgaggcacgaaagctaggggagcgaacgggattagataccccggtagtcctagctgtaaacgatcagtactagtctgtggggacttccacatcctctcggacgtagcgaaagtgttaagtactgcgcctggggagtatggtcgcaaggctg	Planctomyces_1460_bp_rna	100.0	249	0	0	63	311	126	374	2.2e-133	460.9
tacgaactgtgcaaacgttattcggaatcactgggcttaaagggtgcgtaggcgggcttaaaggtccgatgtgaaagcccacggctcaaccgtggaattgcgttggaaaccataagtcttgagggagtcagaggtgagcggaactgatggtggagcggtgaaatgcgttgatatcatcaggaacaccggtggcgaaagcggctcactgggactcttctgacgctgaggcacgaaagctaggggagcgaacgggattagataccccggtagtcctagctgtaaacgatcagtactagtctgtggtgacttccacatcctctcggacgtagcgaaagtgttaagtactgcgcctggggagtatggtcgcaaggctg	Planctomyces_1460_bp_rna	99.7	374	1	0	1	374	1	374	4.1e-201	686.2
tacgaactgtgcaaacgttattcggaatcactgggcttaaagggtgcgtaggcgggcttaaaggtccgatgtgaaagcccacggctcaaccgtggaattgcgttggaaaccataagtcttgagggagtcagaggtgagcggaactgatggtggagcggtgaaatgcgttgatatcatcaggaacaccggtggcgaaagcggctcactgggactcttctgacgctgaggcacgaaagctaggggagcgaacgggattagataccccggtagtactagctgtaaacgatcagtactagtctgtggggacttccacatcctctcggacgtagcgaaagtgttaagtactgcgcctggggagtatggtcgcaaggctg	Planctomyces_1460_bp_rna	99.7	374	1	0	1	374	1	374	4.1e-201	686.2
tacgaactgtgcaaacgttattcggaatcactgggcttaaagggtgcgtaggcgggcttaaaggtccgatgtgaaagcccacggctcaaccgtggaattgcgttggaaacaataagtcttgagggagtcagaggtgagcggaactgatggtggagcggtgaaatgcgttgatatcatcaggaacaccggtggcgaaagcggctcactgggactcttctgacgctgaggcacgaaagctaggggagcgaacgggattagataccccggtagtcctagctgtaaacgatcagtactagtctgtggggacttccacatcctctcggacgtagcgaaagtgttaagtactgcgcctggggagtatggtcgcaaggctg	Planctomyces_1460_bp_rna	99.7	374	1	0	1	374	1	374	4.1e-201	686.2
tacgaactgtgcaaacgttattcggaatcactgggcttaaagggtgcgtaggcgggcttaaaggtccgatgtgaaagcccacggctcaaccgtggaattgcgttggaaaccataagtcttgagggagtcagaggtgagcggaactgatggtggagcggtgaaatgcgttgatatcatcaggaacaccggtggcgaaagcggctcactgggactcttctgacgctgaggcacgaaagctaggggagcgaacgggattagatacaccggtagtcctagctgtaaacgatcagtactagtctgtggggacttccacatcctctcggacgtagcgaaagtgttaagtactgcgcctggggagtatggtcgcaaggctg	Planctomyces_1460_bp_rna	99.7	374	1	0	1	374	1	374	4.1e-201	686.2
tacgaggggtgctagcgttgtccggaatcattgggcgtaaagggtccgtaggcggtttaacaagtcaattgttaaagacatcggcttaaccgatggagtgcaattgaaactgttagaatagagtttaggagaggaaggtggaatttctggtgtagcggtgacatgcgtagatatcagaaggaacaccaatggcgaaggcaactttctggcctaaaactgacgctgagggacgaaagcgtggggagcgaacaggattagataccctggtagtccacgccgtaaacgatgagtatttgttgtcgggagattcgaccctctcggtagcggagctaacgcgttaaatactccgcctgggtactacgaccgcaaggttg	Marine_Group_A__aka_SAR406__1992_bp_rna	99.7	374	1	0	1	374	1	374	4.1e-201	686.2
tacgaactgtgcaaacgttattcggaatcactgggcttaaagggtgcgtaggcgggcttaaaggtccgatgtgaaagcccacggctcaaccgtggaattgcgttggaaaccataagtcttgagggagtcagaggtgagcggaactgatggtggagtggtgaaatgcgttgatatcatcaggaacaccggtggcgaaagcggctcactgggactcttctgacgctgaggcacgaaagctaggggagcgaacgggattagataccccggtagtcctagctgtaaacgatcagtactagtctgtggggacttccacatcctctcggacgtagcgaaagtgttaagtactgcgcctggggagtatggtcgcaaggctg	Planctomyces_1460_bp_rna	99.7	374	1	0	1	374	1	374	4.1e-201	686.2
taccagcagctcaagtggtcgtcgcttttattgggcctaaaacgtccgtagcctgtttggtaaatctgtgggtaaatcaaccagcttaactggttgaattctgcagagactgccagactagggaccgggagaggtgtggggtactctaggggtaggggtaaaatcctgtcatccttagaggaccaccagttgcgaaggcgccacactggaacggatccgacggtcagggacgaagcctaggggcacgaaccggattagatacccgggtagtcctaggtgtaaacgctgtgaacttggtgtcgggagtccgcaatgggtccccggtgccggagtgaagatgttaagttcactgcctggggagtacggtcgcaaggctg	Euryarchea_MGII_1234_bp_rna	99.7	377	1	0	1	377	1	377	8.8e-203	691.8
tacgaactgtgcaaacgttattcggaatcactgggcttaaagggtgcgtaggcgggcttaaaggtccgatgtgaaagcccacggctcaaccgtggaattgcgttggaaaccataagtcttgagggagtcagaggtgagcggaactgatggtggagcggtgaaatgcgttgatatcatcaggaacaccggtggcgaaagcggctcactgggactcttctgacgctgaggcacgaaagctaggggagcgaacgtgattagataccccggtagtcctagctgtaaacgatcagtactagtctgtggggacttccacatcctctcggacgtagcgaaagtgttaagtactgcgcctggggagtatggtcgcaaggctg	Planctomyces_1460_bp_rna	99.7	374	1	0	1	374	1	374	4.1e-201	686.2
tacgaactgtgcaaacgttattcggaatcactgggcttaaagggtgcgtaggcgggcttaaaggtccgatgtgaaagcccacggctcaaccgtggaattgcgttggaaaccataagtcttgagggagtcagaggtgagcggaactgatggtggagcggtgaaatgcgttgatatcatcaggaacaccggtggcgaaagcggctcactgggactcttctgacgctgaggcacgaaagctatgggagcgaacgggattagataccccggtagtcctagctgtaaacgatcagtactagtctgtggggacttccacatcctctcggacgtagcgaaagtgttaagtactgcgcctggggagtatggtcgcaaggctg	Planctomyces_1460_bp_rna	99.7	374	1	0	1	374	1	374	4.1e-201	686.2
tacgaactgtgcaaacgttattcggaatcactgggcttaaagggtgcgtaggcgggcttaaaggtccgatgtgaaagcccacggctcaaccgtggaattgcgttggaaaccataagtcttgagggagtcagaggtgagcggaactgatggtggagcggtgaaatgcgttgatatcatcaggaacaccggtggcgaaagcggctcactgggactcttctgacgctgaggcacgaaagctaggggagcgaacgggattagataccccggtagtcctagctgtaaacgatcagtactagtctgtggggacttccacatactctcggacgtagcgaaagtgttaagtactgcgcctggggagtatggtcgcaaggctg	Planctomyces_1460_bp_rna	99.7	374	1	0	1	374	1	374	4.1e-201	686.2
tacggagggggctagcgttgttcggaattactgggcgtaaagcgcacgtaggcggaccggaaagtcagaggtgaaatcccagggctcaaccttggaactgcctttgaaactatcggtctggagttcgagagaggtgagtggaattccgagtgtagaggtgaaattcgtagatattcggaggaacaccagtggcgaaggcggctcactggctcgatactgacgctgaggtgcgaaagcgtggggagcaaacaggattagataccctggtagtccacgccgtaaacgatgaatgccagtcgtcgggcagcatgctgttcggtgacacacctaacggattaagcattccgcctggggagtacggtcgcaagatta	SAR116_a__Alpha__1946_bp_rna	82.0	372	66	1	1	372	1	371	1.7e-85	302.1
tacgaggggtgctagcgttgtccggaatcattgggcgtaaagggtccgtaggcggtttaacaagtcaattgttaaagacatcggcttaaccgatggagtgcaattgaaactgttagaatagagtttaggaggggaaagtggaatttctggtgtagcggtgacatgcgtagatatcagaaggaacaccaatggcgaaggcaactttctggcctaaaactgacgctgagggacgaaagcgtggggagcgaacaggattagataccctggtagtccacgccgtaaacgatgagtatttgttgtcgggagattcgaccctctcggtagcggagctaacgcgttaaatactccgcctgggtactacgaccgcaaggttg	Marine_Group_A__aka_SAR406__1992_bp_rna	99.7	374	1	0	1	374	1	374	4.1e-201	686.2
tacgaactgtgcaaacgttattcggaatcactgggcttaaagggtgcgtaggcgggcttaaaggtccgatgtgaaagcccacggctcaaccgtggaattgcgttggaaaccataagtcttgagggagtcagaggtgagtggaactgatggtggagcggtgaaatgcgttgatatcatcaggaacaccggtggcgaaagcggctcactgggactcttctgacgctgaggcacgaaagctaggggagcgaacgggattagataccccggtagtcctagctgtaaacgatcagtactagtctgtggggacttccacatcctctcggacgtagcgaaagtgttaagtactgcgcctggggagtatggtcgcaaggctg	Planctomyces_1460_bp_rna	99.7	374	1	0	1	374	1	374	4.1e-201	686.2
tacgaactgtgcaaacgttattcggaatcactgggcttaaagggtgcgtaggcgggcttaaaggtccgatgtgaaggcccacggctcaaccgtggaattgcgttggaaaccataagtcttgagggagtcagaggtgagcggaactgatggtggagcggtgaaatgcgttgatatcatcaggaacaccggtggcgaaagcggctcactgggactcttctgacgctgaggcacgaaagctaggggagcgaacgggattagataccccggtagtcctagctgtaaacgatcagtactagtctgtggggacttccacatcctctcggacgtagcgaaagtgttaagtactgcgcctggggagtatggtcgcaaggctg	Planctomyces_1460_bp_rna	99.7	374	1	0	1	374	1	374	4.1e-201	686.2
tacggaggatccaagcgttatccggaatcattgggtttaaagggtccgtaggtggacaaataagtcagaggtgaaatcctgcagctcaactgtagaactgcctttgatactgtttgtctttagttattatgaagtggttagaatgtgtagtgtagcggtgaaatgcatagatattacacagaataccgattgcgaaggcagatcactaataattaactgacactgagggacgaaagcgtgggtagcgaacaggattagataccctggtagtccacgccgtaaacgatggtcactagctgtttggacttcggtctgagtggctaagcgaaagtgataagtgacccacctggggagtacgttcgcaagaatg	Flavobacteria_2061_bp_rna	99.7	370	1	0	1	370	1	370	6.8e-199	678.8
tacgaggggtgctagcgttgtccggaatcattgggcgtaaagggtccgtaggcggtttaacaagtcaattgttaaagacatcggcttaaccgatggagtgcaattgaaactgttagaatagagtttaggggaggaaagtggaatttctggtgtagcggtgacatgcgtagatatcagaaggaacaccaatggcgaaggcaactttctggcctaaaactgacgctgagggacgaaagcgtggggagcgaacaggattagataccctggtagtccacgccgtaaacgatgagtatttgttgtcgggagattcgaccctctcggtagcggagctaacgcgttaaatactccgcctgggtactacgaccgcaaggttg	Marine_Group_A__aka_SAR406__1992_bp_rna	99.7	374	1	0	1	374	1	374	4.1e-201	686.2
tacgaactgtgcaaacgttattcggaatcactgggcttaaagggtgcgtaggcgggcttaaaggtacgatgtgaaagcccacggctcaaccgtggaattgcgttggaaaccataagtcttgagggagtcagaggtgagcggaactgatggtggagcggtgaaatgcgttgatatcatcaggaacaccggtggcgaaagcggctcactgggactcttctgacgctgaggcacgaaagctaggggagcgaacgggattagataccccggtagtcctagctgtaaacgatcagtactagtctgtggggacttccacatcctctcggacgtagcgaaagtgttaagtactgcgcctggggagtatggtcgcaaggctg	Planctomyces_1460_bp_rna	99.7	374	1	0	1	374	1	374	4.1e-201	686.2
tacgaggggtgctagcgttgtccggaatcattgggcgtaaagggtccgtaggcggtttaacaagtcaattgttaaagacatcggcttaaccgatggagtgcaattgaaactgttagaatagagtttaggagaggaaagtggaatttctggtgtagcggtgacgtgcgtagatatcagaaggaacaccaatggcgaaggcaactttctggcctaaaactgacgctgagggacgaaagcgtggggagcgaacaggattagataccctggtagtccacgccgtaaacgatgagtatttgttgtcgggagattcgaccctctcggtagcggagctaacgcgttaaatactccgcctgggtactacgaccgcaaggttg	Marine_Group_A__aka_SAR406__1992_bp_rna	99.7	374	1	0	1	374	1	374	4.1e-201	686.2
tacgaactgtgcaaacgttattcggaatcactgggcttaaagggtgcgtaggcgggcttaaaggtccgatgtgaaagcccacggctcaaccgtggaattgcgttggaaaccataagtcttgagggagtcagaggtgggcggaactgatggtggagcggtgaaatgcgttgatatcatcaggaacaccggtggcgaaagcggctcactgggactcttctgacgctgaggcacgaaagctaggggagcgaacgggattagataccccggtagtcctagctgtaaacgatcagtactagtctgtggggacttccacatcctctcggacgtagcgaaagtgttaagtactgcgcctggggagtatggtcgcaaggctg	Planctomyces_1460_bp_rna	99.7	374	1	0	1	374	1	374	4.1e-201	686.2
tacgaggggtgctagcgttgtccggaatcattgggcgtaaagggtccgtaggcggtttaacaagtcaattgttaaagacatcggcttaaccgatggagtgcaattgaaactgttagaatagagtttaggagaggaaagtggaatttctggtgtagcggcgacatgcgtagatatcagaaggaacaccaatggcgaaggcaactttctggcctaaaactgacgctgagggacgaaagcgtggggagcgaacaggattagataccctggtagtccacgccgtaaacgatgagtatttgttgtcgggagattcgaccctctcggtagcggagctaacgcgttaaatactccgcctgggtactacgaccgcaaggttg	Marine_Group_A__aka_SAR406__1992_bp_rna	99.7	374	1	0	1	374	1	374	4.1e-201	686.2
tacgaactgtgcaaacgttattcggaatcactgggcttaaagggtgcgtaggcgggcttaaaggtccgatgtgaaagcccacggctcaaccgtggaattgcgttggaaaccataagtcttgagggagtcaggggtgagcggaactgatggtggagcggtgaaatgcgttgatatcatcaggaacaccggtggcgaaagcggctcactgggactcttctgacgctgaggcacgaaagctaggggagcgaacgggattagataccccggtagtcctagctgtaaacgatcagtactagtctgtggggacttccacatcctctcggacgtagcgaaagtgttaagtactgcgcctggggagtatggtcgcaaggctg	Planctomyces_1460_bp_rna	99.7	374	1	0	1	374	1	374	4.1e-201	686.2
tacgaactgtgcaaacgttattcggaatcactgggcttaaagggtgcgtaggcgggcttaaaggtccgatgtgaaagcccacggctcaaccgcggaattgcgttggaaaccataagtcttgagggagtcagaggtgagcggaactgatggtggagcggtgaaatgcgttgatatcatcaggaacaccggtggcgaaagcggctcactgggactcttctgacgctgaggcacgaaagctaggggagcgaacgggattagataccccggtagtcctagctgtaaacgatcagtactagtctgtggggacttccacatcctctcggacgtagcgaaagtgttaagtactgcgcctggggagtatggtcgcaaggctg	Planctomyces_1460_bp_rna	99.7	374	1	0	1	374	1	374	4.1e-201	686.2
tacataggggtcaagcgttgtccggatttattgggcgtaaagagctcgtaggcggttcaacaagtcggtcgtaaaagtttagggctcaaccctaaaatgtcgatcgatactgttgtgactaggatacggtagaggtgaatggaattacgagtgtagcggtgaaatgcgtagatattcggaggaacaccaattgcgaaggcagttcactggaccgtgatcgacgctgaggagcgaaagctaggggagcaaacaggattagataccctggtagtcctagctgtaaacgatggatactagatgtaggaactggattgacggtttctgtatcgtagctaacgcgttaagtatcccgcctggggagtacggtcgcaagacta	OCS155_a__Actino__1765_bp_rna	99.7	377	1	0	1	377	1	377	8.8e-203	691.8
aaccagcacctcaagtggtcaggatgattattgggcctaaagcatccgtagccggctctgtaagttttcggttaaatctgtacgttgagcgtacaggctgccgggaatactgcaaagctagggagtgggagaagtagacggtactcggtaggaagtggtaaaatgctttgatctatcgatgaccacctgtggcgaaggcggtctactagaacgcgtccgacggtgagggatgaaagctgggggagcaaaccggattagatacccgggtagtcccagctgtaaactatgcaaactcagtgatgcattggcttgtggccaatgcagtgctgcagggaagccgttaagtttgccgcctgggaagtacgtacgcaagtatg	Taumarchaea_MGI_a_1364_bp_rna	99.2	377	3	0	1	377	1	377	1.9e-199	680.7
taccggcagctcaagtggtcgtcgcttttattgggcctaaaacgtccgtagcctgtttggtaaatctgtgggtaaatcaaccagcttaactggttgaattctgcagagactgccagactagggaccgggagaggtgtggggtactctaggggtaggggtaaaatcctgtcatccttagaggaccaccagttgcgaaggcgccacactggaacggatccgacggtcagggacgaagcctaggggcacgaaccggattagatacccgggtagtcctaggtgtaaacgctgtgaacttggtgtcgggagtccgcaatgggtccccggtgccggagtgaagatgttaagttaactgcctggggagtacggtcgcaaggctg	Euryarchea_MGII_1234_bp_rna	99.7	377	1	0	1	377	1	377	8.8e-203	691.8
tacgaactgtgcaaacgttattcggaatcactgggcttaaagggtgcgtaggcgggcttaaaggtccgatgtgaaagcccacggctcaaccgtggaattgcgttggaaaccataagtcttgagggagtcagaggtgagcggaactgatggtggagcggtgaaatgcgttgatatcatcaggaacaccggtggcgaaagcggctcactgggactcttctgacgctgaggcacgaaagctaggggagcgaacgggattagataccccggtagtcctagctgtaaacgatcagtactagtctgtggggacttccacatcctctcggacgtagcgaaagtgttaagtactgcgcctggggagcatggtcgcaaggctgaaacccaaagaaactgacgc	Planctomyces_1460_bp_rna	99.7	374	1	0	1	374	1	374	4.3e-201	686.2
tacgaactgtgcaaacgttattcggaatcactgggcttaaagggtgcgtaggcgggcttaaaggtccgatgtgaaagcccacggctcaaccgtgtaattgcgttggaaaccataagtcttgagggagtcagaggtgagcggaactgatggtggagcggtgaaatgcgttgatatcatcaggaacaccggtggcgaaagcggctcactgggactcttctgacgctgaggcacgaaagctaggggagcgaacgggattagataccccggtagtcctagctgtaaacgatcagtactagtctgtggggacttccacatcctctcggacgtagcgaaagtgttaagtactgcgcctggggagtatggtcgcaaggctg	Planctomyces_1460_bp_rna	99.7	374	1	0	1	374	1	374	4.1e-201	686.2
tacataggggtcaagcgttgtcctgatttattgggcgtaaagagctcgtaggcggttcaacaagtcggtcgtaaaagtttagggctcaaccctaaaatgtcgatcgatactgttgtgactaggatacggtagaggtgaatggaattccgagtgtagcggtgaaatgcgtagatattcggaggaacaccaattgcgaaggcagttcactggaccgtgatcgacgctgaggagcgaaagctaggggagcaaacaggattagataccctggtagtcctagctgtaaacgatggatactagatgtaggaactggattgacggtttctgtatcgtagctaacgcgttaagtatcccgcctggggagtacggtcgcaagacta	OCS155_a__Actino__1765_bp_rna	99.7	377	1	0	1	377	1	377	8.8e-203	691.8
tacgaactgtgcaaacgttattcggaatcactgggcttaaagggtgcgtaggcgggcttaaaggtccgatgtgaaagcccacggctcaaccgtggaattgcgttggaaaccataagtcttgagggagtcagaggtgagcggaacttatggtggagcggtgaaatgcgttgatatcatcaggaacaccggtggcgaaagcggctcactgggactcttctgacgctgaggcacgaaagctaggggagcgaacgggattagataccccggtagtcctagctgtaaacgatcagtactagtctgtggggacttccacatcctctcggacgtagcgaaagtgttaagtactgcgcctggggagtatggtcgcaaggctg	Planctomyces_1460_bp_rna	99.7	374	1	0	1	374	1	374	4.1e-201	686.2
aaccagcacctcaagtggtcaggatgattattgggcctaaagcatccgtagccggctctgtaagttttcggttaaatctgtacgctcaacgtacaggctgccgggaatactgcaaagctagggagtgggagaagtagacggtactcggtaggaagtggtaaaatgctttgatctatcgatgaccacctgtggcgaaggcggtctactagaacgcgtccgacggtgagggatgaaagctgggggagcaaaccggattagatacccgggtagtcccagctgtaaactatgcaaactcagtgatgcattggcttgtggccaatgcagtgctgcagggaagccgttaagtttgccgcctgggaagcacgtacgcaagtatgaaacccaaagaaactgacgc	Taumarchaea_MGI_a_1364_bp_rna	99.7	377	1	0	1	377	1	377	9.3e-203	691.8
tacggaggatccaagcgttatccggaatcattgggtttaaagggtccgtaggtggacaaataagtcagaggtgaaatcctgcagctcaactgtagaactgcctttgatactgtttgtcttgagttattatgaagtggttagaatgtgtagtgtagcggtgaaatgcatagatattacacagaataccgattgcgaaggcagatcactaataattaactgacactgagggacgaaagcgtgggtagcgaacaggattagataccctggtagtccacgccgtaaacgatggtcactagctgtttggacttcggtctgagtggctaagcgaaagtgataagtgacccacctggggagcacgttcgcaagaatgaaacccaaaggaactgacgc	Flavobacteria_2061_bp_rna	99.7	370	1	0	1	370	1	370	7.1e-199	678.8
tacgaggggtgctagcgttgtccggaatcattgggcgtaaagggtccgtaggcggtttaacaagtcaattgttaaagacatcggcttaaccgatggagtgcaattgaaactgttagaatagagtttaggagaggaaagtggaatttctggtgtagcggtgacatgcgtagatatcagaaggaacaccaatggcgaaggcaactttctggcctaaaactgacgctgagggacgaaagcgtggggagcgaacaggattagataccctggtagtccacgccgtaaacgatgagtatttgttgtcgggagattcgaccctctcggtagcggagctaacgcgttaaatactccgcctgggtaccacgaccgcaaggttgaaacccaaagaaactgacgc	Marine_Group_A__aka_SAR406__1992_bp_rna	99.7	374	1	0	1	374	1	374	4.3e-201	686.2
tacataggggtcaagcgttgtccggatttattgggcgtaaagagctcgtaggcggttcaacaagtcggtcgtaaaagtttagggctcaaccctaaaatgtcgatcgatactgttgtgactaggatacggtagaggtgaatggaattccgagtgtagcggtgaaatgcgtagatattcggaggaacaccaattgcgaaggcagttcactggaccgtgatcgacgctgaggagcgaaagctaggggagcaaacaggattagataccctggtagtcctagctgtaaacgatggatactagatgtaggaactggattgacggtttctgtatcgtagctaacgcgttaagtatcccgcctggggagcacggtcgcaagactaaaacccaaagaaactggcgc	OCS155_a__Actino__1765_bp_rna	99.7	377	1	0	1	377	1	377	9.3e-203	691.8
tacgaagggggcgagcgttattcggaattattgggcgtaaagggctcgcaggctgcttgaacagttagacgtgaaatccccgggctcaacctgggaactgcgtttaatactagcaagctagagaaatagagaggaaagtggaactcccagtgtagaggtgaaattcgtagatattgggaagaacaccagtggcgaaagcgactttctggctattttctgacgctgaggagcgaaagcgtggggagcaaacagggttagataccctggtagtccacgccgtaaacgatgtgtgctagatgttggaaggttacctttcagtgtcgcagctaacgcactaagcacaccgcctgggaagcacggtcgcaagattaaaacccaaagaaactgacgc	SAR116_a__Alpha__1946_bp_rna	99.7	371	1	0	1	371	1	371	2e-199	680.7
tacgggagtggcaagcgttatccggaattattgggcgtaaagcgtccgcaggcggcctttcaagtctgctgttaaagcgtggagcttaactccattatggcagtggaaactgatcggcttgagtatggtaggggcagagggaattcccggtgtagcggtgaaatgcgtagatatcgggaagaacaccagtggcgaaggcgctctgctgggccattactgacgctcatggacgaaagccaggggagcgaaagggattagatacccctgtagtcctggccgtaaacgatgaacactaggtgtcgggggaatcgaccccttcggtgtcgtagctaacgcgttaagtgttccgcctggggagcacgcacgcaagtgtgaaacccaaataaactgacgc	Prochlorococcus_2121_bp_rna	99.7	374	1	0	1	374	1	374	4.3e-201	686.2
tacgaagggacctagcgtagttcggaattactgggcttaaagagttcgtaggtggttgaaaaagttggtggtgaaatcccagagcttaactctggaactgccatcaaaacttttcagctagagtatgatagaggaaagcagaatttctagtgtagaggtgaaattcgtagatattagaaagaataccaattgcgaaggcagctttctggatcattactgacactgaggaacgaaaacatgggtagcgaagaggattagataccctcgtagtccatgccgtaaacgatgtgtgttagacgttggaaatttattttcagtgtcgcagcgaaagcgataaacacaccgcctggggagcacgaccgcaaggttaaaacccaaatgaactgacgc	SAR11_Surface_1__Alpha__1958_bp_rna	99.7	370	1	0	1	370	1	370	7.1e-199	678.8
tacgtaggtggcgaacgttgtccggatttattgggcgtaaagggtccgtaggtggtttggtaagtcttctgtgaaaggtacaggcttaacctgtagaagtcagaagatactgctaaactcgagactgtcagaggaacatagaattcccggtgtagtggtgaaatgcgtagatatcgggaggaataccagtggcgaaggcggtgttctggggcagttctgacactgagggacgaaagcgtgggtagcgaaccggattagatacccgggtagtccacgccgtaaacgatgaatgctgggttttcggggtatccattccctgtaagccgaagctaacgcgctaagcattccgcctggggaccacggccgcaaggctaaaacccaaagaaactggcgc	SAR202_a__Chloroflexi__1505_bp_rna	99.7	374	1	0	1	374	1	374	4.3e-201	686.2
tacgtagggggcgagcgttgtccggatttattgggcgtaaagagctcgtaggcggttcaacaagtcggtagtaaaagttcagggctcaaccctgaaatgtctatcgatactgttgtggctaggatacggcagaggtgagtggaattccgagtgtagcggtgaaatgcgtagatattcggaggaacaccaattgcgaaggcagctcactgggccgctatcgacgctgaggagcgaaagctaggggagcaaacaggattagataccctggtagtcctagctgtaaacgatggatactagacgtaggaactggattgacggtttctgtgtcgtagctaacgcgttaagtatcccgcctggggagtacggtcgcaagacta	OCS155_a__Actino__1765_bp_rna	95.8	377	16	0	1	377	1	377	9.2e-178	608.7
tccgatctcagaataccgattgcgaaggcagatcactaataattaactgacactgagggacgaaagcgtgggtagcgaacaggattagataccctggtagtccacgccgtaaacgatggtcactagctgtttggacttcggtctgagtggctaagcgaaagtgataagtgacccacctggggagtacgttcgcaagaatgaaactcaaataaattgacggagatcggaagagcacacg	Flavobacteria_2061_bp_rna	100.0	192	0	0	9	200	179	370	8.3e-102	355.7
taccggcagctcaagtggtcgtcgcttttattgggcctaaaacgtccgtagcctgtttggtaaatctgtgggtaaatcaaccagcttaactggttgaattctgcagagactgccagactagggaccgggagaggtgtggggtactctaggggtaggggtaaaatcctgtcatccttagaggaccaccagttgcgaaggcgccacactggaacggatccgacggtcagggacgaagcctaggggcacgaaccggattagatacccgggtagtcctaggtgtaaacgctgtgaacttggtgtcgggagtccgcaatgggtccccggtgccggagtgaagatgttaagttcactgcctggggagcacggtcgcaaggctgaaacctaaataaactgacgc	Euryarchea_MGII_1234_bp_rna	99.7	377	1	0	1	377	1	377	9.3e-203	691.8
atattacacagaataccgattgcgaaggcagatcactaataattaactgacactgagggacgaaagcgtgggtagcgaacaggattagataccctggtagtccacgccgtaaacgatggtcactagctgtttggacttcggtctgagtggctaagcgaaagtgataagtgacccacctggggagtacgttcgcaagaatgaaactcaaataaattgacggagatcggaagagcacacg	Flavobacteria_2061_bp_rna	100.0	200	0	0	1	200	171	370	3e-106	370.5
ccgccaatttatttgagttttaatcttgcgaccgtacttcccaggcggtgtgcttagtgcgttagctgcgacactgaaaggtaaccttccaacatctagcacacatcgtttacggcgtggactaccagggtatctaaccctgtttgctccccacgctttcgctcctcagcgtcagaaaatagccagaaagtcgctttcgccactggtgttcttcccaatatctacgaatttcacctctacactgggagttccactttcctctctatttctctagcttgctagtattaaacgcagttcccaggttgagcccggggatttcacgtctaactgttcaagcagcctgcgagccctttacgcccaataattccgaataacgctcgcccccttcgtattaccgcggctgctg	SAR116_a__Alpha__1946_bp_rna	100.0	371	0	0	21	391	371	1	4.4e-201	686.2
atattagaaagaataccaattgcgaaggcagctttctggatcattactgacactgaggaacgaaaacatgggtagcgaagaggattagataccctcgtagtccatgccgtaaacgatgtgtgttagacgttggaaatttattttcagtgtcgcagcgaaagcgataaacacaccgcctggggagtacgaccgcaaggttaaaactcaaataaattgacggagatcg	SAR11_Surface_1__Alpha__1958_bp_rna	100.0	200	0	0	1	200	171	370	2.8e-106	370.5
atattacacagaataccgattgcgaaggcagatcactaataattaactgacactgagggacgaaagcgtgggtagcgaacaggattagataccctggtagtccacgccgtaaacgatggtcactagctgtttggacttcggtctgagtggctaagcgaaagtgataagtgacccacctggggagtacgttcgcaagaatgaaacttaaatgaattgacgg	Flavobacteria_2061_bp_rna	100.0	200	0	0	1	200	171	370	2.7e-106	370.5
cagaaggaacaccaatggcgaaggcaactttctggcctaaaactgacgctgagggacgaaagcgtggggagcgaacaggattagataccctggtagtccacgccgtaaacgatgagtatttgttgtcgggagattcgaccctctcggtagcggagctaacgcgttaaatactccgcctgggtactacgaccgcaaggttgaaacttaaagaaattgacggagat	Marine_Group_A__aka_SAR406__1992_bp_rna	100.0	200	0	0	1	200	175	374	2.8e-106	370.5
ccgccaatttatttgagtttcatacttgcgtacgtacttcccaggcggcaaacttaacggcttccctgcagcactgcattggccacaagccaatgcatcactgagtttgcatagtttacagctgggactacccgggtatctaatccggtttgctcccccagctttcatccctcaccgtcggacgcgttctagtagaccgccttcgccacaggtggtcatcgatagatcaaagcattttaccacttcctaccgagtaccgtctacttctcccactccctagctttgcagtattcccggcagcctgtacgttgagcgtacagatttaaccga	Taumarchaea_MGI_a_1364_bp_rna	100.0	310	0	0	21	330	377	68	2.9e-167	573.6
gaggaccaccagttgcgaaggcgccacactggaacggatccgacggtcagggacgaagcctaggggcacgaaccggattagatacccgggtagtcctaggtgtaaacgctgtgaacttggtgtcgggagtccgcaatgggtccccggtgccggagtgaagatgttaagttcactgcctggggagtacggtcgcaaggctgaaacttaaagaaattgacgga	Euryarchea_MGII_1234_bp_rna	100.0	200	0	0	1	200	178	377	2.8e-106	370.5
gatgaccacctgtggcgaaggcggtctactagaacgcgtccgacggtgagggatgaaagctgggggagcaaaccggattagatacccgggtagtcccagctgtaaactatgcaaactcagtgatgcattggcttgtggccaatgcagtgctgcagggaagccgttaagtttgccgcctgggaagtacgtacgcaagtatgaaacttaaagaaattgacggagatcgga	Taumarchaea_MGI_a_1364_bp_rna	100.0	200	0	0	1	200	178	377	2.8e-106	370.5
acgctcttccgatctccaattgcgaaggcagctttctggatcattactgacactgaggaacgaaaacatgggtagcgaagaggattagataccctcgtagtccatgccgtaaacgatgtgtgttagacgttggaaatttattttcagtgtcgcagcgaaagcgataaacacaccgcctggggagtacgaccgcaaggttaaaactcaaagaaattgacggagatcggaagagcacacgtctgaact	SAR11_Surface_1__Alpha__1958_bp_rna	100.0	185	0	0	16	200	186	370	6.7e-98	342.8
tacagagggtgcgagcgttaatcggatttactgggcgtaaagcgtgcgtaggcggctgattaagtcggatgtgaaatccctgagcttaacttaggaattgcattcgatactggtcagctagagtatgggagaggatggtagaattccaggtgtagcggtgaaatgcgtagagatctggaggaataccgatggcgaaggcagccatctggcctaatactgacgctgaggtacgaaagcatggggagcaaacaggattagataccctggtagtccatgccgtaaacgatgtctactagccgttggggcctttgaggctttagtggcgcagctaacgcgataagtagaccgcctggggagtacggtcgcaagacta	SAR86_a__Gamma__1729_bp_rna	81.0	373	64	1	1	373	1	366	1e-82	292.9
ccgtcaattcatttgagttttagccttgcggccgtactccccaggcggataacttaatgcgttagctgcgccactagataaatctaacggctagttatcatcgtttacggcgtggactaccagggtatctaatcctgtttgctccccacgctttcgcacctcagtgtcagtatctatccagaaagttgccttcgccattggtattcctcttaatatctacgcattccaccgctacactaagaattctactttcctctctagtactctagcttaccagttttagatgcagttccgaggttaagccccgggatttcacatctaacttagtatgccacctacgcgcgctttacgcccagtaattccgattaacgcttgcaccatccgtattaccgcggcggctgg	SAR86_a__Gamma__1729_bp_rna	99.7	366	1	0	21	386	366	1	1.2e-196	671.5
tacgtaggtggcaagcgttgtccggatttattgggcgtaaagggagcgcaggtggtttcttaagtctgatgtgaaagcccacggcttaaccgtggagggtcattggaaactgggaaacttgagtacagaagaggaatgtggaactccatgtgtagcggtggaatgcgtagatatatggaagaacaccagtggcgaaggcgacattctggtctgttactgacactgaggctcgaaagcgtggggagcaaacaggattagataccctggtagtccacgccgtaaacgatgagtgctaggtgttggagggtttccgcccttcagtgccgcagttaacgcattaagcactccgcctggggagtacgaccgcaaggttg	SAR86_a__Gamma__1729_bp_rna	78.1	361	71	1	11	371	11	363	3e-63	228.3
gacgtaggatgcaagcattgtccggatttattgggcgtaaagagttcgtaggtggtttgttaagtctgatgttaaagaccggagctcaacttcggaactgcattggatactggcagactagagtatgttagaggcaagcggaattcccagtgtagcggtgaaatgcgtagatattgggaagaacaccggtggcgtaagcggcttgctgggacataactgacactgaggaacgaaagccaggggagcgaatgggattagataccccagtagtcctggccgtaaacgatggatactaggcgtagtgggtatcgacccctgctgtgccgtagctaacgcgataagtatcccgcctgagtagtacggccgcaaggttg	Prochlorococcus_2121_bp_rna	81.7	360	66	0	11	370	11	370	6.2e-85	300.3
ccgtcaattcctttgagtttcaaccttgcggtcgtagtacccaggcggagtatttaacgcgttagctccgctaccgagagggtcgaatctcccgacaacaaatactcatcgtttacggcgtggactaccagggtatctaatcctgttcgctccccacgctttcgtccctcagcgtcagttttaggccagaaagttgccttcgccattggtgttccttctgatatctacgcatgtcaccgctacaccagaaattccactttcctctcct	Marine_Group_A__aka_SAR406__1992_bp_rna	100.0	248	0	0	21	268	374	127	6.9e-133	459.1
ccgccaatttctttgagtttcattcttgcgaacgtactccccaggtgggtcacttatcactttcgcttagccactcagaccgaagtccaaacagctagtgaccatcgtttacggcgtggactaccagggtatctaatcctgttcgctacccacgctttcgtccctcagtgtcagttaattattagtgatctgccttcgcaatcggtattctgtgtaatatctatgcatttcaccgctacactacacattctaaccacttcataataactcaagacaaacagtatcaaaggcagttctacagttgagctgcaggatttcacctctgacttatttgtccacctacggacccttt	Flavobacteria_2061_bp_rna	100.0	332	0	0	21	352	370	39	1.8e-179	614.2
ccgccaatttctttgagtttcattcttgcgaacgtactccccaggtgggtcacttatcactttcgcttagccactcagaccgaagtccaaacagctagtgaccatcgtttacggcgtggactaccagggtatctaatcctgttcgctacccacgctttcgtccctcagtgtcagttaattattagtgatctgccttcgcaatcggtattctgtgtaatatctatgcatttcaccgctacactacacattctaaccacttcataataactcaagac	Flavobacteria_2061_bp_rna	100.0	255	0	0	21	275	370	116	9.2e-137	472.0
ccgtcaattcctttgagtttcaaccttgcggtcgtagtacccaggcggagtatttaacgcgttagctccgctaccgagagggtcgaatctcccgacaacaaatactcatcgtttacggcgtggactaccagggtatctaatcctgttcgctccccacgctttcgtccctcagcgtcagttttaggccagaaagttgccttcgccattggtgttccttctgatatctacgcatgtcaccgctacaccagaaattccactttcctctcctaaactctattctaacagtttcaattgcactccatcggttaagccgatgtctttaacaattgacttgtt	Marine_Group_A__aka_SAR406__1992_bp_rna	100.0	316	0	0	21	336	374	59	1.4e-170	584.7
cacagaataccgattgcgaaggcagttcactggaccgtgatcgacgctgaggagcgaaagctaggggagcaaacaggattagataccctggtagtcctagctgtaaacgatggatactagatgtaggaactggattgacggtttctgtatcgtagctaacgcgttaagtatcccgcctggggagtacggtcgcaagactaaaactcaaagaaattgacggagatcggaagagcacacgtctgaactccagtca	OCS155_a__Actino__1765_bp_rna	99.0	196	2	0	5	200	182	377	1.1e-100	352.0
tcttccgatctccaatggcgaaggcaactttctggcctaaaactgacgctgagggacgaaagcgtggggagcgaacaggattagataccctggtagtccacgccgtaaacgatgagtatttgttgtcgggagattcgaccctctcggtagcggagctaacgcgttaaatactccgcctgggtactacgaccgcaaggttgaaactcaaataaattgacggagatcggaagagcacacgtctgaactc	Marine_Group_A__aka_SAR406__1992_bp_rna	100.0	189	0	0	12	200	186	374	4e-100	350.1
gttgcagccgccgcggtaatacgaactgtgcaaacgttattcggaatcactgggcttaaagggtgcgtaggcgggcttaaaggtccgatgtgaaagcccacggctcaaccgtggaattgcgttggaaaccataagtcttgagggagtcagaggtgagcggaactgatggtggagcggtgaaatgcgttgatatcatcaggaacaccggtggcgaaagcggctaactgggactcttctgacgctgaggcacgaaagctaggggagcgaacgggattagataccccggtagtcctagctgtaaacgatcagtactagtctgtggggacttccacatcctctcggacgtagcgaaagtgttaagtactgcgcctggggagtatggtcgcaaggctg	Planctomyces_1460_bp_rna	99.7	374	1	0	20	393	1	374	4.3e-201	686.2
tccgatctgtgtcagccgccgcggtaatacggaggatccaagcgttatccggaatcattgggtttaaagggtccgtaggtggacaaataagtcagaggtgaaatcctgcagctcaactgtagaactgcctttgatactgtttgtcttgagttattatgaagtggttagaatgtgtagtgtagcggtgaaatgcatagatattaagaggaataccaatggcgaaggcaactttctggatagatactga	Flavobacteria_2061_bp_rna	97.0	200	6	0	28	227	1	200	3.1e-96	337.2
gacagaggatgcaagcgttatccggaatgattgggcgtaaagcgtctgtaggtggcttttcaagtccgccgtcaaatcccagggctcaaccctggacaggcggtggaaactaccaagctggagtacggtaggggcagagggaatttccggtggagcggtgaaatgcgtagagatcggaaagaacaccaacggcgaaagcactctgctgggccgacactgacactgagagacgaaagctaggggagcaaatgggattagataccccagtagtcctagccgtaaacgatggatactaggcgctgtgcgtatcgacccgtgcagtgctgtagctaacgcgttaagtatcccgcctggggagtacgttcgcaagaatg	Prochlorococcus_2121_bp_rna	81.7	360	66	0	11	370	11	370	6.2e-85	300.3
ccgccaatttatttgagttttaatcttgcgaccgtacttcccaggcggtgtgcttagtgcgttagctgcgacactgaaaggtaaccttccaacatctagcacacatcgtttacggcgtggactaccagggtatctaaccctgtttgctccccacgctttcgctcctcagcgtcagaaaatagccagaaagtcgctttcgccactggtgttcttcccaatatctacgaatttcacctctacactgggagttccactttcctctctatttctctagcttgctagtatt	SAR116_a__Alpha__1946_bp_rna	100.0	266	0	0	21	286	371	106	7.3e-143	492.3
gttgcagcagccgcggtaatacgaactgtgcaaacgttattcggaatcactgggcttaaagggtgcgtaggcgggcttaaaggtccgatgtgaaagcccacggctcaaccgtggaattgcgttggaaaccataagtcttgagggagtcagaggtgagcggaactgatggtggagcggtgaaatgcgttgatatcatcaggaacaccggtggcgaaagcggctaactgggactcttctgacgctgaggcacgaaagctaggggagcgaacgggattagataccccggtagtcctagctgtaaacgatcagtactagtctgtggggacttccacatcctctcggacgtagcgaaagtgttaagtactgcgcctggggagtatggtcgcaaggctg	Planctomyces_1460_bp_rna	99.7	374	1	0	20	393	1	374	4.3e-201	686.2
tacgaactgtgcaaacgttattcggaatcactgggcttaaagggtgcgtaggcgggcttaaaggtccgatgtgaaagcccacggctcaaccgtggaattgcgttggaaaccataagtcttgagggagtcagaggtgagcggaactgatggtggagcggtgaaatgcgttgatataatcaggaacaccggtggcgaaagcggctcactgggactcttctgacgctgaggcacgaaagctaggggagcaaacaggattagataccctggtagtcctagctgtaaacgatggatactagatgtaggaactggattgacggtttctgtatcgtagctaacgcgttaagtatcccgcctggggagtacggtcgcaagacta	Planctomyces_1460_bp_rna	97.6	296	7	0	1	296	1	296	9.5e-148	508.9
tacgtagggcgcaagcgttgtccggaattattgggcgtaaagagctcgtaggtggcttgtcgcgtctgccgtgaaaacccgaggctcaacctcgggcgtgcggtgggtacgggcaggctagagtgtggtaggggagactggaactcctggtgtagcggtgaaatgcgcagatatcaggaagaacaccgatggcgaaggcaggtctctgggccattactgacactgaggagcgaaagcatgggtagcgaacaggattagataccctggtagtccatgccgtaaacgttgggcactagatgtgggggacattccacgttttccgcgtcgtagctaacgcattaagtgccccgcctggggagtacggccgcaaggcta	OCS155_a__Actino__1765_bp_rna	80.4	250	48	1	127	375	128	377	1.1e-47	176.6
tacgtagggaccaagcgttgttcggatttactgggcgtaaagggcgcgtaggcggcgtatcaagtcacttgtgaaatctccgggcttaactcggaacggtcaagtgatactgatgtgctagagtacagaaggggcaatcggaattcttggtgtagcggtgaaatgcgtagatatcaagaggaacaccagaggcgaaggcggattgctaggctgatactgacgctgaggcgcgaaagctagggtagcaaacgggattagataccccggtagtcctagccctaaacgatgaatacttggtgtctggagtttaattctctgggtgccgtcgctaacgttttaagtattccgcctggggagtacgcacgcaagtgtg	Prochlorococcus_2121_bp_rna	77.7	363	80	1	12	373	12	374	3.9e-57	207.9
tctttccctacacgacgctcttccgatctgtgccagccgccgcggtaatacgaggggtgctagcgttgtccggaatcattgggcgtaaagggtccgtaggcggtttaacaagtcaattgttaaagacatcggcttaaccgatggagtgcaattgaaactgttagaatagagtttaggagaggaaagtggaatttctggtgtagcggtgacatgcgtagatatcgggaagaacaccagtggcgaaggcgctctgctgggccattactga	Marine_Group_A__aka_SAR406__1992_bp_rna	98.0	199	4	0	49	247	1	199	5.6e-99	346.4
tacgaagggacctagcgtagttcggaattactgggcttaaagagttagtaggtggttgaaaaagttggtggtgaaatcccagagcttaactctggaactgccatcaaaacttttcagctagagtatgatagaggaaagcagaatttctagtgtagaggtgaaattcgtagatattagaaagaataccaattgcgaaggcagctttctggatcattactgacactgaggaacgaaaacatgggtagcgaagaggattagataccctcgtagtccatgccgtaaacgatgtgtgttagacgttggaaatttattttcagtgtcgcagcgaaagcgataaacacac	SAR11_Surface_1__Alpha__1958_bp_rna	99.7	343	1	0	1	343	1	343	6.4e-184	629.0
tacgaactgtgcaaacgttattcggaatcactgggcttaaagggtgcgtaggcgggcttaaaggtccgatgtgaaagcccacggctcaaccgtggaattgcgttggaaaccataagtcttgagggagtcagaggtgagcggaactgatggtggagcggtgaaatgcgttgatatcatcagtaacaccggtggcgaaagcggctcactgggactcttctgacgctgaggcacgaaagctaggggagcgaacgggattagataccccggtagtcctagctgtaaacgatcagtactagtctgtggggacttccacatcctctcggacgtagcgaaagtgttaagtactgcgcctggggagcatggtcgcaaggctgaaacccaaagaaactgacgc	Planctomyces_1460_bp_rna	99.5	374	2	0	1	374	1	374	2e-199	680.7
ccgccaatttctttgagttttaaccttgcggtcgtactccccaggcggtgtgtttatcgctttcgctgcgacactgaaaataaatttccaacgtctaacacacatcgtttacggcatggactacgagggtatctaatcctcttcgctacccatgttttcgttcctcagtgtcagtaatgatccagaaagctgccttcgcaattggtattctttctaatatctacgaatttcacctctacactagaaattctgctttcctctatcatactc	SAR11_Surface_1__Alpha__1958_bp_rna	100.0	250	0	0	21	270	370	121	5.4e-134	462.8
tacgtatggggcaagcgttgttcggaattattgggcgtaaagggctcgcaggtggtttgttaagttggtggtttaatctctgggctcaacccagagtcagcctccaaaactggcgaacttgagtacgataggggatagcggaattctcggtgtagcggtggaatgcgtagatatcgagaggaacaccaatggcgaaggcagctatctggatcgtaactgacactcatgagcgaaagtgcggggagcaaacaggattagataccctggtagtccgcaccgtaaacgttgtatactagttgttggtggtttcaacgccatcagtgacgtcgctaacgcattaagtataccgcctggggagtatgctcgcaagggtg	SAR86_a__Gamma__1729_bp_rna	80.2	288	57	0	1	288	1	288	6.4e-60	217.2
tctttccctacacgacgctcttccgatctgtgccagccgccgcggtaatacgaggggtgctagcgttgtccggaatcattgggcgtaaagggtccgtaggcggtttaacaagtcaattgttaaagacatcggcttaaccgatggagtgcaattgaaactgttagaatagagtttaggagaggaaagtggaatttctggtgtagcggtgacatgcgtagatatcagaaggaacaccaatggcgaaggcagatcactaataattaactga	Marine_Group_A__aka_SAR406__1992_bp_rna	100.0	200	0	0	49	248	1	200	3.3e-106	370.5
tacgaactgtgcaaacgttattcggaatcactgggcttaaagggtgcgtaggcgggcttaaaggtccgatgtgaaagcccacggctcaaccgtggaattgcgttggaaaccataagtcttgagggagtcagaggtgagcggaactgatggtggagcggtgaaatgcgttgatatcataaggaacaccggtggcgaaagcggctcactgggactcttctgacgctgaggcacgaaagctaggggagcgaacgggattagataccccggtagtcctagctgtaaacgatcagtactagtctgtggggacttccacatcctctcggacgtagcgaaagtgttaagtactgcgcctggggagcatggtcgcaaggctgaaacccaaagaaactgacgc	Planctomyces_1460_bp_rna	99.5	374	2	0	1	374	1	374	2e-199	680.7
ccgtcaatttctttgagttttagtcttgcgaccgtactccccaggcgggatacttaacgcgttagctacgatacagaaaccgtcaatccagttcctacatctagtatccatcgtttacagctaggactaccagggtatctaatcctgtttgctcccctagctttcgctcctcagcgtcgatcacggtccagtgaactgccttcgcaattggtgttcctccgaatatctacgcatttcaccgctacactcggaattccattcacctctaccgtatcctagtcacaacagtatcgatcgacattttagggttgagcc	OCS155_a__Actino__1765_bp_rna	100.0	295	0	0	21	315	377	83	6.1e-159	545.9
gttgcagcagccgcggtaatacgaactgtgcaaacgttattcggaatcactgggcttaaagggtgcgtaggcgggcttaaaggtccgatgtgaaagcccacggctcaaccgtggaattgcgttggaaaccataagtcttgagggagtcagaggtgagcggaactgatggtggagcggtgaaatgcgttgatatcatcaggaacaccggtggcgaaagcggctcactgggactcttatgacgctgaggcacgaaagctaggggagcgaacgggattagataccccggtagtcctagctgtaaacgatcagtactagtctgtggggacttccacatcctctcggacgtagcgaaagtgttaagtactgcgcctggggagtatggtcgcaaggctg	Planctomyces_1460_bp_rna	99.7	374	1	0	20	393	1	374	4.3e-201	686.2
gttgcagccgccgcggtaatacgaactgtgcaaacgttattcggaatcactgggcttaaagggtgcgtaggcgggcttaaaggtccgatgtgaaagcccacggctcaaccgtggaattgcgttggaaaccataagtcttgagggagtcagaggtgagcggaactgatggtggagcggtgaaatgcgttgatatcatcaggaacaccggtggcgaaagcggctcactgggactattctgacgctgaggcacgaaagctaggggagcgaacgggattagataccccggtagtcctagctgtaaacgatcagtactagtctgtggggacttccacatcctctcggacgtagcgaaagtgttaagtactgcgcctggggagtatggtcgcaaggctg	Planctomyces_1460_bp_rna	99.7	374	1	0	20	393	1	374	4.3e-201	686.2
tctttccctacacgacgctcttccgatctgtgccagccgccgcggtaatacgaggggtgctagcgttgtccggaatcattgggcgtaaagggtccgtaggcggtttaacaagtcaattgttaaagacatcggcttaaccgatggagtgcaattgaaactgttagaatagagtttaggagaggaaagtggaatttctggtgtagcggtgacatgcgtagatatcagaaggaacaccaattgcgaaggcagttcactggaccgtgatcga	Marine_Group_A__aka_SAR406__1992_bp_rna	99.5	200	1	0	49	248	1	200	1.6e-104	364.9
tacgaactgtgcaaacgttattcggaatcactgggcttaaagggtgcgtaggcgggcttaaaggtccgatgtgaaagcccacggctcaaccgtggaattgcgttggaaaccataagtcttgagggagtcagaggtgagcggaactgatggtggagcggtgaaatgcgttgatatcatcaggaacaccggtggctaaagcggctcactgggactcttctgacgctgaggcacgaaagctaggggagcgaacgggattagataccccggtagtcctagctgtaaacgatcagtactagtctgtggggacttccacatcctctcggacgtagcgaaagtgttaagtactgcgcctggggagcatggtcgcaaggctgaaacccaaagaaactgacgc	Planctomyces_1460_bp_rna	99.5	374	2	0	1	374	1	374	2e-199	680.7
