tacgaagggacctagcgtagttcggaattactgggcttaaagagctcgtaggtggttaaaaaagttgatggtgaaatcccaaggctcaaccttggaactgccatcaaaactttttagctagagtgtgatagaggtaagtggaatttctagtgtagaggtgaaattcgtagatattagaaagaacaccaaatgcgaaggcaacttactgggtcactactgacactgaggagcgaaagcatgggtagcgaagaggattagataccctcgtagtccatgccgtaaacgatgtgtgctagacgttggaaatatatttttcagtgtcgcagcgaaagcattaagcacaccgcctggggagtacgaccgcaaggtta	SAR11_Surface_1__Alpha__1958_bp_rna	92.7	371	26	1	1	371	1	370	3e-151	521.9
tacggagggggttagcgttgttcggaattactgggcgtaaagcgcacgtaggcggattggaaagttgggggtgaaatcccggggctcaaccccggaactgcctccaaaactatcagtctagagttcgagagaggtgagtggaattccaagtgtagaggtgaaattcgtagatatttggaggaacaccagtggcgaaggcggctcactggctcgatactgacgctgaggtgcgaaagtgtggggagcaaacaggattagataccctggtagtccacaccgtaaacgatgaatgccagtcgtcgggcagtatactgttcggtgacacacctaacggattaagcattccgcctggggagtacggtcgcaagatta	Rhodobacteriaceae__Alpha__1425_bp_rna	91.4	372	32	0	1	372	1	372	6.4e-148	510.8
tacataggggtcaagcgttgtccggatttattgggcgtaaagagctcgtaggcggttcaacaagtcggtcgtaaaagtttagggctcaaccctaaaatgtcgatcgatactgttgtgactaggatacggtagaggtgaatggaattccgagtgtagcggtgaaatgcgtagatattcggaggaacaccaattgcgaaggcagttcactggaccgtgatcgacgctgaggagcgaaagctaggggagcaaacaggattagataccctggtagtcctagctgtaaacgatggatactagatgtaggaactggattgacggtttctgtatcgtagctaacgcgttaagtatcccgcctggggagtacggtcgcaagacta	OCS155_a__Actino__1765_bp_rna	100.0	377	0	0	1	377	1	377	4.7e-204	697.3
tacgaagggacctagcgtagttcggaattactgggcttaaagagttcgtaggtggttgaaaaagttagtggtgaaatcccagagcttaactctggaactgccattaaaacttttcagctagagtatgatagaggaaagcagaatttctagtgtagaggtgaaattcgtagatattagaaagaataccaattgcgaaggcagctttctggatcattactgacactgaggaacgaaagcatgggtagcgaagaggattagataccctcgtagtccatgccgtaaacgatgtgtgttagacgttggaaatttattttcagtgtcgcagggaaaccgataaacacaccgcctggggagtacgaccgcaaggtta	SAR11_Surface_1__Alpha__1958_bp_rna	98.6	370	5	0	1	370	1	370	7.8e-192	656.7
tacggaggatccaagcgttatccggaatcattgggtttaaagggtccgtaggtggacaaataagtcagaggtgaaatcctgcagctcaactgtagaactgcctttgatactgtttgtcttgagttattatgaagtggttagaatgtgtagtgtagcggtgaaatgcatagatattacacagaataccgattgcgaaggcagatcactaataattaactgacactgagggacgaaagcgtgggtagcgaacaggattagataccctggtagtccacgccgtaaacgatggtcactagctgtttggacttcggtctgagtggctaagcgaaagtgataagtgacccacctggggagtacgttcgcaagaatg	Flavobacteria_2061_bp_rna	100.0	370	0	0	1	370	1	370	3.6e-200	684.4
tacgaagggacctagcgtagttcggaattactgggcttaaagagttcgtaggtggttgaaaaagttggtggtgaaatcccagagcttaactctggaactgccatcaaaacttttcagctagagtatgatagaggaaagcagaatttctagtgtagaggtgaaattcgtagatattagaaagaataccaattgcgaaggcagctttctggatcattactgacactgaggaacgaaaacatgggtagcgaagaggattagataccctcgtagtccatgccgtaaacgatgtgtgttagacgttggaaatttattttcagtgtcgcagcgaaagcgataaacacaccgcctggggagtacgaccgcaaggtta	SAR11_Surface_1__Alpha__1958_bp_rna	100.0	370	0	0	1	370	1	370	3.6e-200	684.4
tacgaactgtgcaaacgttattcggaatcactgggcttaaagggtgcgtaggcgggcttaaaggtccgatgtgaaagcccacggctcaaccgtggaattgcgttggaaaccataagtcttgagggagtcagaggtgagcggaactgatggtggagcggtgaaatgcgttgatatcatcaggaacaccggtggcgaaagcggctcactgggactcttctgacgctgaggcacgaaagctaggggagcgaacgggattagataccccggtagtcctagctgtaaacgatcagtactagtctgtggggacttccacatcctctcggacgtagcgaaagtgttaagtactgcgcctggggagtatggtcgcaaggctg	Planctomyces_1460_bp_rna	100.0	374	0	0	1	374	1	374	2.2e-202	691.8
tacgaggggtgctagcgttgtccggaatcattgggcgtaaagggtccgtaggcggtttaacaagtcaattgttaaagacatcggcttaaccgatggagtgcaattgaaactgttagaatagagtttaggagaggaaagtggaatttctggtgtagcggtgacatgcgtagatatcagaaggaacaccaatggcgaaggcaactttctggcctaaaactgacgctgagggacgaaagcgtggggagcgaacaggattagataccctggtagtccacgccgtaaacgatgagtatttgttgtcgggagattcgaccctctcggtagcggagctaacgcgttaaatactccgcctgggtactacgaccgcaaggttg	Marine_Group_A__aka_SAR406__1992_bp_rna	100.0	374	0	0	1	374	1	374	2.2e-202	691.8
tacggagggtgcaagcgttaatcggaattactgggcgtaaagcgtacgtaggatgtgatgcaagtcggatgtgaaatccccgggcttaacctgggaactgcattcgaaactacatcactagagtgtagtagaggtaagcggaatttcgggtgtagcggtgaaatgcgtagatatccgaaagaacatcagtggcgaaggcggcttactggactaacactgactctgaggtacgaaagcgtggggagcaaacaggattagataccctggtagtccacgccgtaaacgatgtcaactagacgttgggttccttgaggacttagtgtcgtagctaacgcgttaagttgaccgcctggggagtacggccgcaaggttg	SAR92__Gamma__2072_bp_rna	85.8	372	53	0	1	372	1	372	6.8e-113	394.5
tacgggagtggcaagcgttatccggaattattgggcgtaaagcgtccgcaggcggcctttcaagtctgctgttaaagcgtggagcttaactccattatggcagtggaaactgatcggcttgagtatggtaggggcagagggaattcccggtgtagcggtgaaatgcgtagatatcgggaagaacaccagtggcgaaggcgctctgctgggccattactgacgctcatggacgaaagccaggggagcgaaagggattagatacccctgtagtcctggccgtaaacgatgaacactaggtgtcgggggaatcgaccccttcggtgtcgtagctaacgcgttaagtgttccgcctggggagtacgcacgcaagtgtg	Prochlorococcus_2121_bp_rna	100.0	374	0	0	1	374	1	374	2.2e-202	691.8
tacgtagggggcgagcgttgtccggatttattgggcgtaaagagctcgtaggcggttcaacaagtcggtagtaaaagttcagggctcaaccctgaaatgtctatcgatactgttgtgactaggatacggcagaggtgagtggaattccgagtgtagcggtgaaatgcgtagatattcggaggaacaccaattgcgaaggcagctcactgggccgctatcgacgctgaggagcgaaagctaggggagcaaacaggattagataccctggtagtcctagctgtaaacgatggatactagacgtaggaactggattgacggtttctgtgtcgtagctaacgcgttaagtatcccgcctggggagtacggtcgcaagacta	OCS155_b__Actino__1747_bp_rna	100.0	377	0	0	1	377	1	377	4.7e-204	697.3
tacggagggtgcgagcgttaatcggaattactgggcgtaaagcgcgcgtaggtggtttgataagctagctgtgaaagccccgggctcaacctgggaactgcagttagaactgtctgactagagtatagtagagggtggcggaatttcctgtgtagcggtgaaatgcgtagatataggaaggaacatcagtggcgaaggcggccacctggactaatactgacactgaggtgcgaaagcgtggggagcaaacaggattagataccctggtagtccacgccgtaaacgatgtctactagccgttgggagacttgatctcttagtggcgcagttaacgcgataagtagaccgcctggggagtacggccgcaaggtta	SAR92__Gamma__2072_bp_rna	99.7	373	1	0	1	373	1	373	3.6e-200	684.4
tacgaagggggcgagcgttattcggaattattgggcgtaaagggctcgcaggctgcttgaacagttagacgtgaaatccccgggctcaacctgggaactgcgtttaatactagcaagctagagaaatagagaggaaagtggaactcccagtgtagaggtgaaattcgtagatattgggaagaacaccagtggcgaaagcgactttctggctattttctgacgctgaggagcgaaagcgtggggagcaaacagggttagataccctggtagtccacgccgtaaacgatgtgtgctagatgttggaaggttacctttcagtgtcgcagctaacgcactaagcacaccgcctgggaagtacggtcgcaagatta	SAR116_a__Alpha__1946_bp_rna	100.0	371	0	0	1	371	1	371	9.9e-201	686.2
tacggaaggtcctagcgttgttcggaattactgggcgtaaagcgcatgtaggcggaacagaaagttagaagtgaaatccctgggctcaacctaggaattgcttttaaaacttctgttctggaattcaggagaggaaaatggaatttccagtgtagaggtgaaattcgtagatattggaaggaacaccagtggcgaaggcgattttctggactgatattgacgctgagatgcgaaggcatgggtagcaaacgggattagataccccggtagtccatgcagtaaacgatgggtgctagtcgtcggacttttgttcggtgtcgtagctaacgcgttaagcaccccgcctggggagtacggtcgcaagatta	AEGEAN-169_Alpha__1974_bp_rna	100.0	368	0	0	1	368	1	368	4.6e-199	680.7
tacggaggatgcaagtgttatccggaatcactgggcgtaaagcgtctgtaggtggtttaataagtcaactgttaaatcttgaggctcaacttcaaaatcgcagtcgaaactattagactagagtatagtaggggtaaagggaatttccagtggagcggtgaaatgcgtagagattggaaagaacaccgatggcgaaggcactttactgggctattactgacactcagagacgaaagctagggtagcaaatgggattagataccccagtagtcctagccgtaaacaatggatactagatgttgaacagatcgacctgtgcagtatcaaagctaacgcgttaagtatcccgcctgggaagtatgctcgcaagagtg	OCS155_a__Actino__1765_bp_rna	76.6	363	82	2	12	371	12	374	3.5e-46	172.9
tacggatggtgcaagcgttaatcggaattactgggcgtaaagcgcgcgtaggtggcatactaagttagatgtgaaatcccggggcttaacctcggaactgcatctaaaactggtaagctagagtactagagaggaaagtagaattcttagtgtagcggtggaatgcgtagatattaagaggaataccaatggcgaaggcaactttctggatagatactgacactgaggtgcgaaagcgtggggagcaaacaggattagataccctggtagtccacgccgtaaacgatgataactagccgttagatttatctagtggcgcagctaacgcattaagttatccgcctggggagtacggccgcaaggcta	SAR86_a__Gamma__1729_bp_rna	99.7	366	1	0	1	366	1	366	2.7e-196	671.5
tacggagggtccaagcgttaatcggaattactgggcgtaaagcgcgcgtaggcggtttagcaagttgtatgtgaaagccctgggctcaacctaggaactgcatccaaaactactaagctagagtacgagagaggagagtagaatttctggtgtagcggtgaaatgcgtagatatcagaaggaataccaatggcgaaggcagctctctggctcgtcactgacgctgaggtgcgaaagcgtgggtagcaaacaggattagataccctggtagtccacgccgtaaacgatgacaactagccgttgggcagatttaactgttcagtggcacagctaacgcattaagttgtccgcctggggagtacggccgcaaggcta	SAR86_d__Gamma__1942_bp_rna	100.0	374	0	0	1	374	1	374	2.2e-202	691.8
taccggcagctcaagtggtcgtcgcttttattgggcctaaaacgtccgtagcctgtttggtaaatctgtgggtaaatcaaccagcttaactggttgaattctgcagagactgccagactagggaccgggagaggtgtggggtactctaggggtaggggtaaaatcctgtcatccttagaggaccaccagttgcgaaggcgccacactggaacggatccgacggtcagggacgaagcctaggggcacgaaccggattagatacccgggtagtcctaggtgtaaacgctgtgaacttggtgtcgggagtccgcaatgggtccccggtgccggagtgaagatgttaagttcactgcctggggagtacggtcgcaaggctg	Euryarchea_MGII_1234_bp_rna	100.0	377	0	0	1	377	1	377	4.7e-204	697.3
tacgtaggtggcgaacgttgtccggatttattgggcgtaaagggtccgtaggtggtttggtaagtcttctgtgaaaggtacaggcttaacctgtagaagtcagaagatactgctaaactcgagactgtcagaggaacatagaattcccggtgtagtggtgaaatgcgtagatatcgggaggaataccagtggcgaaggcggtgttctggggcagttctgacactgagggacgaaagcgtgggtagcgaaccggattagatacccgggtagtccacgccgtaaacgatgaatgctgggttttcggggtatccattccctgtaagccgaagctaacgcgctaagcattccgcctggggactacggccgcaaggcta	SAR202_a__Chloroflexi__1505_bp_rna	100.0	374	0	0	1	374	1	374	2.2e-202	691.8
tacggaggatccaagcgttatccggaatcattgggtttaaagggtccgtaggtggataattaagtcggaggtgaaatcttgcagctcaactgtaaaattgcctttgatactggttatcttgagtcattatgaagtagttagaatatgtagtgtagcggtgaaatgcatagatattacatagaataccaattgcgaaggcagattactaataatgtactgacactgatggacgaaagcgtgggtagcgaacaggattagataccctggtagtccacgccgtaaacgatggttactagctgtgtggacttcggtctgcgtggctaagcgaaagtgataagtaacccacctggggagtacgttcgcaagaatg	Flavobacteria_formosa1	100.0	370	0	0	1	370	1	370	3.6e-200	684.4
gacggaggatgcaagtgttattcggaatgattgggcgtaaagcgtctgtaggctgtatagaaagtcttttgttaaatacctcggctcaaccgagatccagcaaaggaaacttctatacttgaggtaagtagaggtacagggaattcccggtggagcggtgaaatgcgtagatatcgggaggaacaccaatatggcgaaggcactgtactgggctttacctgacgctcagagacgaaagctaaaggagtgattaggattagataccctagtaattttagccgtaaacgatgaaaactcactgccgagcgaaatacaacgagcggtggtcaagctaacgcgtgaagttttccgcctggggattacgcttgcaaaagtg	Prochlorococcus_2121_bp_rna	73.7	361	93	1	11	371	11	369	7.6e-33	128.5
tacggagggtgcgagcgttaatcggaattactgggcgtaaagcgtgcgcaggcggtttgttaagcgagatgtgaaagccccgggctcaacctgggaaccgcatttcgaactggcaaactagagtcttgtagaggggggtagaattccaggtgtagcggtgaaatgcgtagagatctggaggaataccggtggcgaaggcggccccctggacaaagactgacgctcaggcacgaaagcgtggggagcaaacaggattagataccctggtagtccacgccgtaaacgatgtctactcggagtttggtgtcttgaacactgggctctcaagctaacgcattaagtagaccgcctggggagtacggccgcaaggtta	SAR92__Gamma__2072_bp_rna	85.5	373	54	0	1	373	1	373	8.8e-112	390.8
tacggagggtgcgagcgttaatcggaattactgggcgtaaagcgcgcgtaggtggcttgataagccggttgtgaaagccccgggctcaacctgggaacggcatccggaactgtcaggctagagtgcaggagaggaaggtagaattcccggtgtagcggtgaaatgcgtagagatcgggaggaataccagtggcgaaggcggccttctggactgacactgacactgaggtgcgaaagcgtgggtagcaaacaggattagataccctggtagtccacgccgtaaacgatgtcgactagccgttgggtgcctcgagcacttagtggcgcagttaacgcgataagtcgaccgcctggggagtacggccgcaaggtta	SAR92__Gamma__2072_bp_rna	89.8	373	38	0	1	373	1	373	1.8e-138	479.4
tacggagggggttagcgttgttcggaattactgggcgtaaagcgcacgtaggcggattaataagtcaggggtgaaatcccgaggctcaacctcggaactgcctttgatactgttagtcttgagttcgagagaggtgagtggaattccgagtgtagaggtgaaattcgtagatattcggaggaacaccagtggcgaaggcggctcactggctcgatactgacgctgaggtgcgaaagcgtggggagcaaacaggattagataccctggtagtccacgccgtaaacgatgagagctagtcgttggagagttcgctcttcggtgacgcagctaacgcattaagctctccgcctggggagtacggtcgcaagatta	Rhodobacteriaceae__Alpha__1425_bp_rna	99.7	372	1	0	1	372	1	372	1.3e-199	682.5
aaccagcacctcaagtggtcaggatgattattgggcctaaagcatccgtagccggctctgtaagttttcggttaaatctatgcgctcaacgtatgggctgccgaaaatactgcagagatagggagtgggagaggtagacggtactcggtaggaaggggtaaaatcctttgatctatcgatgaccacctgtggcgaaggcggtctaccagaacacgttcgacggtgagggatgaaagctgggggagcaaaccggattagatacccgggtagtcccagctgtaaacgatgcagactcgatgatgcattggcatatagccagtgcagtgtcgcagggaagccgttaagtctgccgcctgggaagtacgtacgcaagtatg	Thaumarchaea_MGI_b_1363_bp_rna	100.0	377	0	0	1	377	1	377	4.7e-204	697.3
aaccagcacctcaagtggtcaggatgattattgggcctaaagcatccgtagccggctctgtaagttttcggttaaatctgtacgctcaacgtacaggctgccgggaatactgcaaagctagggagtgggagaagtagacggtactcggtaggaagtggtaaaatgctttgatctatcgatgaccacctgtggcgaaggcggtctactagaacgcgtccgacggtgagggatgaaagctgggggagcaaaccggattagatacccgggtagtcccagctgtaaactatgcaaactcagtgatgcattggcttgtggccaatgcagtgctgcagggaagccgttaagtttgccgcctgggaagtacgtacgcaagtatg	Taumarchaea_MGI_a_1364_bp_rna	100.0	377	0	0	1	377	1	377	4.7e-204	697.3
tacggagggtgcaagcgttaatcggaattactgggcgtaaagcgcgcgtaggtggcttgataagccggttgtgaaagccccgggctcaacctgggaacggcatccggaactgtcaagctagagtgcaggagaggaaggtagaattcccggtgtagcggtgaaatgcgtagagatcgggaggaataccagtggcgaaggcggccttctggactgacactgacactgaggtgcgaaagcgtgggtagcaaacaggattagataccctggtagtccacgccgtaaacgatgtcgaccagccgttgggtgcctagcgcactttgtggcgaagttaacgcgataagtcgaccgcctggggagtacggccgcaaggtta	SAR92__Gamma__2072_bp_rna	88.2	373	44	0	1	373	1	373	1.8e-128	446.2
tacggagggtgcaagcgttatccggatttattgggtttaaagggtccgtaggcggatcattaagtcagtggtgaaagccggcagctcaactgtcgaactgccattgatactgatgatcttgaatgctgttgaagttggcggaataggtcatgtagcggtgaaatgcttagatatgacctagaacaccgattgcgaaggcagccaactaagcagttattgacgctgagggacgaaagcgtggggagcgaacaggattagataccctggtagtccacgccgtaaacgatgattactcggtattggctttggtcagtgcccaagcgaaagtgataagtaatccacctggggagtacgcccgcaagggtg	Flavobacteria_NS9_1483_bp_rna	99.2	366	3	0	1	366	1	366	5.9e-193	660.4
tacggagacctcgagcgttactcggattcactgggcgtaaagggtgagtaggtggccaagtatgtcaggtgtgaaatcccggggcttaaccccggaactgcgcctgaaactacttggctagagtctcggagaggatagtggaattccaagtgtagcggtgaaatgcgtagatatttggaggaacaccagtggcgaaggcgactatctggacgagtactgacgctcaatcacgaaagcgtgggtagcgaaagggattagatacccctgtagtccacgccgtaaacgttgcacactaagtttcggaggattcgaccccttcggagctcaagctaacgcgttaagtgtgccgcctgaggactacggccgcaaggcta	Verrucomicrobia_2087_bp_rna	100.0	374	0	0	1	374	1	374	2.2e-202	691.8
tacggagggtgcaagcgttaatcggaattactgggcgtaaagcgcgcgtaggcggtttggtaagttggatgtgaaagcccagggctcaaccttggaactgcattcaaaactgccaggctagagtacggtagaggggggtagaattccacgtgtagcggtgaaatgcgtagagatgtggaggaataccagtggcgaaggcggccccctggatcgatactgacgctgaggtgcgaaagcgtggggagcaaacaggattagataccctggtagtccacgccgtaaacgatgtcaactagccgttggaggggtaatccctttagtggcgcagctaacgcaataagttgaccgcctggggagtacggtcgcaagatta	Pseudospirillum__Gamma__2285_bp_rna	100.0	373	0	0	1	373	1	373	7.7e-202	689.9
tacggagggagctagcgttgttcggaattactgggcgtaaagcgcacgtaggcggctattcaagtcagaggtgaaagcccggggctcaaccccggaactgcctttgaaactagatagcttgaatccaggagaggtgagtggaattccgagtgtagaggtgaaattcgtagatattcggaagaacaccagtggcgaaggcggctcactggactggtattgacgctgaggtgcgaaagcgtggggagcaaacaggattagataccctggtagtccacgccgtaaacgatgataactagctgtcagggcacatggtgttttggtggcgcagctaacgcattaagttatccgcctggggagtacggtcgcaagatta	Rhodobacteriaceae__Alpha__1425_bp_rna	87.9	373	44	1	1	373	1	372	2.4e-122	425.8
tacggaggatccaagcgttatccggaattattgggtttaaagggtccgcaggctgtttgttaagtcaggggtgaaatcctaccgctcaacggtagaactgcctttgatactggcaaacttgagttattgtgaagtagttagaatgtgtagtgtagcggtgaaatgcatagatattacacagaataccaattgcgaaggcagattactaacaattaactgacgctgagggacgaaagcgtgggtagcgaacaggattagataccctggtagtccacgccgtaaacgatggtcactagctgttcgatgtacattggtacattgagtggctaagcgaaagtgataagtgacccacctggggagtacgctcgcaagagtg	Flavobacteria_NS5_2093_bp_rna	100.0	376	0	0	1	376	1	376	1.7e-203	695.5
tacggagggtccaagcgttaatcggaattactgggcgtaaagcgcgcgtaggcggtttgacaagttgggtgtgaaatccccgggcttaacctgggaactgcattcaaaacttttaaactggagtacgggagaggagagtagaattcatggtgtagcggtgaaatgcgtagatatcatgaggaataccaatggcgaaggcaactctctggaccgtaactgacgctgaggtgcgaaagcgtgggtagcaaacaggattagataccctggtagtccacgccgtaaacgatgacaactagccgttggactttcgggttcagtggcacagctaacgcattaagttgtccgcctggggagtacggccgcaaggcta	SAR86_c__Gamma__1996_bp_rna	100.0	370	0	0	1	370	1	370	3.6e-200	684.4
tacgaagggggcgagcgttgttcggaattactgggcgtaaagggcgcgtaggcggtcctttaagttaggcgtgaaagccccgggctcaacctgggaactgcgcttaagactggaggactagaaaacggaagagggtagtggaattcccagtgtagaggtgaaattcgtagatattgggaagaacaccagtggcgaaagcggctacctggtccgattttgacgctgaggcgcgaaagcgtggggagcaaacaggattagataccctggtagtccacgccgtaaacgatgtctgctagatgtcggggggttgcccctcggtgtcgccgctaacgcattaagcagaccgcctgggaagtacggtcgcaagatta	SAR116_b__Alpha__1993_bp_rna	99.7	371	1	0	1	371	1	371	4.6e-199	680.7
aaccagcacctcaagtggtcaggatgattattgggcctaaagcatccgtagccggctctgtaagttttcggttaaatctgtacgctcaacgtacaggctgccgggaatactgcaaagctagggagtgggagaagtagacggtactcggtaggaagtggtaaaatgctttgatctatcgatgaccacctgtggcgaaggcggtctactagaacgcgtccgacggtgagggatgaaagctgggggagcaaaccggattagatacccgggtagtcccagctgtaaactatgcaaactcagtgatgcattggccacaagccaatgcagtgctgcagggaagccgttaagtttgccgcctgggaagtacgtacgcaagtatg	Taumarchaea_MGI_a_1364_bp_rna	98.7	377	5	0	1	377	1	377	1e-195	669.6
tacgaactgtgcaaacgttattcggaatcactgggcttaaagggtgcgtaggcgggcttaaaggtccgatgtgaaagcccacggctcaaccgtggaattgcgttggaaaccataagtcttgagggagtcagaggttagcggaactgatggtggagcggtgaaatgcgttgatatcatcaggaacaccggtggcgaaagcggctcactgggactcttctgacgctgaggcacgaaagctaggggagcgaacgggattagataccccggtagtcctagctgtaaacgatcagtactagtctgtggggacttccacatcctctcggacgtagcgaaagtgttaagtactgcgcctggggagtatggtcgcaaggctg	Planctomyces_1460_bp_rna	99.7	374	1	0	1	374	1	374	1e-200	686.2
tacgtaggtggcaagcgttatccggaattattgggcgtaaagcgcgcgtaggcggttttttaagtctgatgtgaaagcccacggctcaaccgtggagggtcattggaaactggaaaacttgagtgcagaagaggaaagtggaattccatgtgtagcggtgaaatgcgcagagatatggaggaacaccagtggcgaaggcgactttctggtctgtaactgacgctgatgtgcgaaagcgtggggatcaaacaggattagataccctggtagtccacgccgtaaacgatgagtgctaagtgttagggggtttccgccccttagtgctgcagctaacgcattaagcactccgcctggggagtacgaccgcaaggttg	Rhodobacteriaceae__Alpha__1425_bp_rna	80.7	373	70	1	1	373	1	371	7.1e-78	278.1
tacgaactgtgcaaacgttattcggaatcactgggcttaaagggtgcgtaggcgggcttaaaggtccgatgtgaaagcccacggctcaaccgtggaattgcgttggaaaccataagtcttgagggagtcagaggtgagcggaactgatggtggagcggtgaaatgcgttgatatcatcaggaacaccggtggcgaaagcggctcactgggactcttctgacgctgaggcacgaaagctaggggagctaacgggattagataccccggtagtcctagctgtaaacgatcagtactagtctgtggggacttccacatcctctcggacgtagcgaaagtgttaagtactgcgcctggggagtatggtcgcaaggctg	Planctomyces_1460_bp_rna	99.7	374	1	0	1	374	1	374	1e-200	686.2
tacggagggtccaagcgttaatcggaattactgggcgtaaagcgcgcgtagatggtctgtttagttgggtgtgaaatccctgggctcaacctaggaactgcattcaaaacttacagactagagtacgaaagaggagagcagaattcatggtgtagcggtgaaatgcgtagatatcatgaggaataccagtggcgaaggcggctctctggttcgagactgacattgaggtgcgaaagcgtgggtagcaaacaggattagataccctggtagtccacgccgtaaacgatgagaactagccgttggatctttagattcagtggcgcagctaacgcattaagttctccgcttggggagtacggccgcaaggcta	SAR86_b__Gamma__1876_bp_rna	99.7	370	1	0	1	370	1	370	1.7e-198	678.8
tacgaactgtgcaaacgttattcggaatcactgggcttaaagggtgcgtaggcgggcttaaaggtccgatgtgaaagcccacggctcaaccgtggaattgcgttggaaaccataagtcttgagggagtcagaggtgagcggaactgatggtggagcggtgaaatgcgttgatatcatcaggaacaccggtggcgaaagcggctcactgggactcttctgacgctgaggcacgaaagctaggggagcgaacgggattagataccccggtagtcctagctgtaaactatcagtactagtctgtggggacttccacatcctctcggacgtagcgaaagtgttaagtactgcgcctggggagtatggtcgcaaggctg	Planctomyces_1460_bp_rna	99.7	374	1	0	1	374	1	374	1e-200	686.2
tactaactgtgcaaacgttattcggaatcactgggcttaaagggtgcgtaggcgggcttaaaggtccgatgtgaaagcccacggctcaaccgtggaattgcgttggaaaccataagtcttgagggagtcagaggtgagcggaactgatggtggagcggtgaaatgcgttgatatcatcaggaacaccggtggcgaaagcggctcactgggactcttctgacgctgaggcacgaaagctaggggagcgaacgggattagataccccggtagtcctagctgtaaacgatcagtactagtctgtggggacttccacatcctctcggacgtagcgaaagtgttaagtactgcgcctggggagtatggtcgcaaggctg	Planctomyces_1460_bp_rna	99.7	374	1	0	1	374	1	374	1e-200	686.2
tacggagggagctagcgttgttcggaattactgggcgtaaagcgcacgtaggcggcgatttaagtcagaggtgaaagcccggggctcaaccccggaactgcctttgagactggattgctagaatcttggagaggcgagtggaattccgagtgtagaggtgaaattcgtagatattcggaagaacaccagtggcgaaggcggctcgctggacaagtattgacgctgaggtgcgaaagcgtggggagcaaacaggattagataccctggtagtccacgccgtaaacgatgataactagctgccggggcacatggtgtttcggtggcgcagctaacgcattaagttatccgcctggggagtacggtcgcaagatta	Rhodobacteriaceae__Alpha__1425_bp_rna	87.1	373	47	1	1	373	1	372	2.4e-117	409.2
tacgtagggtgcgagcgttgtccggatttattgggcgtaaagggctcgtaggtggttgatcgcgtcggaagtgtaatcttggggcttaaccctgagcgtgctttcgatacgggttgacttgaggaaggtaggggagaatggaattcctggtggagcggtggaatgcgcagatatcaggaggaacaccagtggcgaaggcggttctctgggcctttcctgacgctgaggagcgaaagcgtggggagcgaacaggcttagataccctggtagtccacgctgtaaacggtgggtactaggtgtggggtccattccacgggttccgtgccgtagctaacgctttaagtaccccgcctggggagtacggccgcaaggcta	OCS155_b__Actino__1747_bp_rna	79.8	377	74	2	1	375	1	377	2e-68	246.7
tacgaactgtgcaaacgttattcggaatcactgggcttaaagggtgcgtaggcgggcttaaaggtccgatgtgaaagcccacggctcaaccgtggaattgcgttggaaaccataagtcttgagggagtcagaggtgagcggaactgatggtggagcggtgaaatgcgttgatatcatcaggaacaccggtggcgaaagcggctcactgggactcttctgacgctgaggcacgaaagctaggggagcgaacgggattagataccccggtagtcctagctgtaaacgatcagtactagtctgtggggacttccacatcctctcggacgtagcgaaagtgttaagtactgcgcctggggagtatggtagcaaggctg	Planctomyces_1460_bp_rna	99.7	374	1	0	1	374	1	374	1e-200	686.2
tacgaactgtgcaaacgttattcggaatcactgggcttaaagggtgcgtaggcgggcttaaaggtccgatgtgaaagcccacggctcaaccgtggaattgcgttggaaaccataagtcttgagggagtcagaggtgagcggaactgatggtggagcggtgaaatgcgttgatatcatcaggaacaccggtggcgaaagcggctcactgggactcttctgacgctgaggcacgaaagctagggtagcgaacgggattagataccccggtagtcctagctgtaaacgatcagtactagtctgtggggacttccacatcctctcggacgtagcgaaagtgttaagtactgcgcctggggagtatggtcgcaaggctg	Planctomyces_1460_bp_rna	99.7	374	1	0	1	374	1	374	1e-200	686.2
tacgaagggacctagcgtagttcggaattactgggcttaaagagttcgtaggtggttgaaaaggttggtggtgaaatcccagagcttaactctggaactgccatcaaaacttttcagctagagtatgatagaggaaagcagaatttctagtgtagaggtgaaattcgtagatattagaaagaataccaattgcgaaggcagctttctggatcattactgacactgaggaacgaaaacatgggtagcgaagaggattagataccctcgtagtccatgccgtaaacgatgtgtgttagacgttggaaatttattttcagtgtcgcagcgaaagcgataaacacaccgcctggggagtacgaccgcaaggtta	SAR11_Surface_1__Alpha__1958_bp_rna	99.7	370	1	0	1	370	1	370	1.7e-198	678.8
tacataggggtcaagcgttgtccggatttattgggcgtaaagagctcgtaggcggttcaacaagtcggtagtaaaagtttagggctcaaccctaaaatgtcgatcgatactgttgtgactaggatacggtagaggtgaatggaattccgagtgtagcggtgaaatgcgtagatattcggaggaacaccaattgcgaaggcagttcactggaccgtgatcgacgctgaggagcgaaagctaggggagcaaacaggattagataccctggtagtcctagctgtaaacgatggatactagatgtaggaactggattgacggtttctgtatcgtagctaacgcgttaagtatcccgcctggggagtacggtcgcaagacta	OCS155_a__Actino__1765_bp_rna	99.7	377	1	0	1	377	1	377	2.2e-202	691.8
tacgaactgtgcaaacgttattcggaatcactgggcttaaagggtgcgtaggcgggcttaaaggtccgatgtgaaagcccacggctcaaccgtggaattgcgttggaaaccataagtcttgagggagtcagaggtgagcggaactgatggtggagcggtgaaatgcgttgatatcatcaggaacaccggtggcgaaagcggctcactgggactcttctgacgctgaggcacgaaagctaggggagcgaacgggattagataccccggtagtcctagctgtaaacgatcagtactagtctgtggggacttccacatcctctaggacgtagcgaaagtgttaagtactgcgcctggggagtatggtcgcaaggctg	Planctomyces_1460_bp_rna	99.7	374	1	0	1	374	1	374	1e-200	686.2
tacataggggtcaagcgttgtccggatttattgggcgtaaagagctcgtaggcggttcaacaagtcggtcgtaaaagtttagggctcaaccctaaaatgtcgatcgatactgttgtgactaggatacggtagaggtgaatggaattccgagtgtagcggtgaaatgcgtagatattcggaggaacaccaattgcgaaggcagttcactggaccgtgatcgacgctgaggagcgaaagctaggggagcaaacaggattagataccctggtagtcctagctgtaaacgatggatactagatgtaggaactggattgacggtttctgtatcgtagctaacgcgttaagtatcccgcctggggagtacggtagcaagacta	OCS155_a__Actino__1765_bp_rna	99.7	377	1	0	1	377	1	377	2.2e-202	691.8
tacgaactgtgcaaacgttattcggaatcactgggcttaaagggtgcgtaggcgggcttaaaggtccgatgtgaaagcccacggctcaaccgtggaattgcgttggaaaccataagtattgagggagtcagaggtgagcggaactgatggtggagcggtgaaatgcgttgatatcatcaggaacaccggtggcgaaagcggctcactgggactcttctgacgctgaggcacgaaagctaggggagcgaacgggattagataccccggtagtcctagctgtaaacgatcagtactagtctgtggggacttccacatcctctcggacgtagcgaaagtgttaagtactgcgcctggggagtatggtcgcaaggctg	Planctomyces_1460_bp_rna	99.7	374	1	0	1	374	1	374	1e-200	686.2
tacgaagggacctagcgtagttcggaattactgggcttaaagagttcgtaggtggttgaaaaagttggtggtgaaatcccagagcttaactctggaactgccatcaaaacttttcagctagagtatgatagaggaaagcagaatttctagtgtagaggtgaaattcgtagatattagaaagaataccaattgcgaaggcagctttctggatcattactgacactgagtaacgaaaacatgggtagcgaagaggattagataccctcgtagtccatgccgtaaacgatgtgtgttagacgttggaaatttattttcagtgtcgcagcgaaagcgataaacacaccgcctggggagtacgaccgcaaggtta	SAR11_Surface_1__Alpha__1958_bp_rna	99.7	370	1	0	1	370	1	370	1.7e-198	678.8
tacgaactgtgcaaacgttattaggaatcactgggcttaaagggtgcgtaggcgggcttaaaggtccgatgtgaaagcccacggctcaaccgtggaattgcgttggaaaccataagtcttgagggagtcagaggtgagcggaactgatggtggagcggtgaaatgcgttgatatcatcaggaacaccggtggcgaaagcggctcactgggactcttctgacgctgaggcacgaaagctaggggagcgaacgggattagataccccggtagtcctagctgtaaacgatcagtactagtctgtggggacttccacatcctctcggacgtagcgaaagtgttaagtactgcgcctggggagtatggtcgcaaggctg	Planctomyces_1460_bp_rna	99.7	374	1	0	1	374	1	374	1e-200	686.2
tacgaactgtgcaaacgttattcggaatcactgggcttaaagggtgcgtaggcgggcttaaaggtccgatgtgaaagcccacggctcaaccgtggaattgcgttggaaaccataagtcttgagggagtcagaggtgagcggaactgatggtggagcggtgaaatgcgttgatatcatcaggaacaccggtggcgaaagcggctcactgggactcttctgacgctgaggcacgaaagctaggggagcgaactggattagataccccggtagtcctagctgtaaacgatcagtactagtctgtggggacttccacatcctctcggacgtagcgaaagtgttaagtactgcgcctggggagtatggtcgcaaggctg	Planctomyces_1460_bp_rna	99.7	374	1	0	1	374	1	374	1e-200	686.2
tacataggggtcaagcgttgtccggatttattgggcgtaaagagctcgtaggcggttcaacaagtcggtcgtaaaagtttagggctcaaccctaaaatgtcgatcgatactgttgtgactaggatacggtagaggttaatggaattccgagtgtagcggtgaaatgcgtagatattcggaggaacaccaattgcgaaggcagttcactggaccgtgatcgacgctgaggagcgaaagctaggggagcaaacaggattagataccctggtagtcctagctgtaaacgatggatactagatgtaggaactggattgacggtttctgtatcgtagctaacgcgttaagtatcccgcctggggagtacggtcgcaagacta	OCS155_a__Actino__1765_bp_rna	99.7	377	1	0	1	377	1	377	2.2e-202	691.8
gttgcagccgccgcggtaatacgaagggacctagcgtagttcggaattactgggcttaaagagttcgtaggtggttgaaaaagttggtggtgaaatcccagagcttaactctggaactgccatcaaaacttttcagctagagtatgatagaggaaagcagaatttctagtgtagaggtgaaattcgtagatattagaaagaataccaattgcgaaggcagctttctggatcattactgacactgaggaacgaaaacatgggtagcgaagaggattagataccctcgtagtccatgccgtaaacgatgtgtgttagacgttggaaatttattttcagtgtcgcagcgaaagcgataaacacaccgcctggggagtacgaccgcaaggtta	SAR11_Surface_1__Alpha__1958_bp_rna	100.0	370	0	0	20	389	1	370	3.7e-200	684.4
tacgaagggacctagcgtagttcggaattactgggcttaaagagttcgtaggtggttgaaaaagttggtggtgaaatcccagagcttaactctggaactgccatcaaaacttttcagctagagtatgatagaggaaagcagaatttctagtgtagaggtgaaattcgtagatattagaaagaataccaattgcgaaggcagctttctggatcattactgacactgaggaacgaaaacatgggtagcgaagaggattagataccctcgtagtccatgccgtaaacgatgtgtgttagacgttggaaatttattttcagtgtcgcagcgaaagcgataaacacaccgcctggggagtacgaccacaaggtta	SAR11_Surface_1__Alpha__1958_bp_rna	99.7	370	1	0	1	370	1	370	1.7e-198	678.8
tacataggggtcaagcgttgtccggatttattgggcgtaaagagctcgtaggcggttcaacaagtcggtcgtaaaagtttagggctcaaccctaaaatgtcgatcgatactgttgtgactaggatacggtagaggtgaatggaattccgagtgtagcggtgaaatgcgtagatattaggaggaacaccaattgcgaaggcagttcactggaccgtgatcgacgctgaggagcgaaagctaggggagcaaacaggattagataccctggtagtcctagctgtaaacgatggatactagatgtaggaactggattgacggtttctgtatcgtagctaacgcgttaagtatcccgcctggggagtacggtcgcaagacta	OCS155_a__Actino__1765_bp_rna	99.7	377	1	0	1	377	1	377	2.2e-202	691.8
tacgaactgtgcaaacgttattcggaatcactgggcttaaagggtgcgtaggcgggcttaaaggtccgatgtgaaagcccacggctcaaccgtggaattgcgttggaaaccataagtcttgagggagtcagaggtgagcggaactgatggtgtagcggtgaaatgcgttgatatcatcaggaacaccggtggcgaaagcggctcactgggactcttctgacgctgaggcacgaaagctaggggagcgaacgggattagataccccggtagtcctagctgtaaacgatcagtactagtctgtggggacttccacatcctctcggacgtagcgaaagtgttaagtactgcgcctggggagtatggtcgcaaggctg	Planctomyces_1460_bp_rna	99.7	374	1	0	1	374	1	374	1e-200	686.2
tacgaactgtgcaaacgttattcggaatcactgggcttaaagggtgcgtaggcgggcttaaaggtccgatgtgaaagcccacggctcaaccgtggaattgcgttggaaaccataagtcttgagggagtcagaggtgagcggaactgatggtggagcggtgaaatgcgttgatatcatcaggaacaccggtggcgaaagcggctcactgggactcttctgacgctgaggcacgaaagctaggggagcgaacgggattagataccccggtagtcctagctgtaaacgataagtactagtctgtggggacttccacatcctctcggacgtagcgaaagtgttaagtactgcgcctggggagtatggtcgcaaggctg	Planctomyces_1460_bp_rna	99.7	374	1	0	1	374	1	374	1e-200	686.2
gttgcagcagccgcggtaatacgaagggacctagcgtagttcggaattactgggcttaaagagttcgtaggtggttgaaaaagttggtggtgaaatcccagagcttaactctggaactgccatcaaaacttttcagctagagtatgatagaggaaagcagaatttctagtgtagaggtgaaattcgtagatattagaaagaataccaattgcgaaggcagctttctggatcattactgacactgaggaacgaaaacatgggtagcgaagaggattagataccctcgtagtccatgccgtaaacgatgtgtgttagacgttggaaatttattttcagtgtcgcagcgaaagcgataaacacaccgcctggggagtacgaccgcaaggtta	SAR11_Surface_1__Alpha__1958_bp_rna	100.0	370	0	0	20	389	1	370	3.7e-200	684.4
tacgaactgtgcaaacgttattcggaatcactgggcttaaagggtgcgtaggctggcttaaaggtccgatgtgaaagcccacggctcaaccgtggaattgcgttggaaaccataagtcttgagggagtcagaggtgagcggaactgatggtggagcggtgaaatgcgttgatatcatcaggaacaccggtggcgaaagcggctcactgggactcttctgacgctgaggcacgaaagctaggggagcgaacgggattagataccccggtagtcctagctgtaaacgatcagtactagtctgtggggacttccacatcctctcggacgtagcgaaagtgttaagtactgcgcctggggagtatggtcgcaaggctg	Planctomyces_1460_bp_rna	99.7	374	1	0	1	374	1	374	1e-200	686.2
tacgaactgtgcaaacgttattcggaatcactgggcttaaagggtgcgtaggcgggcttaaaggtccgatgtgaaagcccacggctcaaccgtggaattgcgttggaaaccataagtcttgagggagtcagaggtgagcggaactgatggtggagcggtgaaatgcgttgatatcatcaggaacaccggtggcgaaagcggctcactgggactcttctgacgctgaggcacgaaagctaggggagcgaacgggattagataccccggtagtcctagctgtaaacgatcagtactagtctgtggggacttccacatcctctctgacgtagcgaaagtgttaagtactgcgcctggggagtatggtcgcaaggctg	Planctomyces_1460_bp_rna	99.7	374	1	0	1	374	1	374	1e-200	686.2
tacgaagggacctagcgtagttcggaattactgggcttaaagagttcgtaggtggttgaaaaagttggtggtgaaatcccagagcttaactctggaactgccatcaaaacttttcagctagagtatgatagaggaaagcagaatttctagtgtagaggtgaaattcgtagatattagaaagaataccaattgcgaaggcagctttctggatcattactgacactgaggaacgaaaacatgggtagcgaagaggattagataccctcgtagtccatgccgtaaacgatgtgtgttagacgttggaaatttattttcagtgtagcagcgaaagcgataaacacaccgcctggggagtacgaccgcaaggtta	SAR11_Surface_1__Alpha__1958_bp_rna	99.7	370	1	0	1	370	1	370	1.7e-198	678.8
tacgaagggacctagcgtagttcggaattactgggcttaaagagttcgtaggtggttgaaaaagttggtggtgaaatcccagagcttaactctggaactgccatcaaaacttttcagctagagtatggtagaggaaagcagaatttctagtgtagaggtgaaattcgtagatattagaaagaataccaattgcgaaggcagctttctggatcattactgacactgaggaacgaaaacatgggtagcgaagaggattagataccctcgtagtccatgccgtaaacgatgtgtgttagacgttggaaatttattttcagtgtcgcagcgaaagcgataaacacaccgcctggggagtacgaccgcaaggtta	SAR11_Surface_1__Alpha__1958_bp_rna	99.7	370	1	0	1	370	1	370	1.7e-198	678.8
tacataggggtcaagcgttgtccggatttattgggcgtaaagagctcgtaggcggttaaacaagtcggtcgtaaaagtttagggctcaaccctaaaatgtcgatcgatactgttgtgactaggatacggtagaggtgaatggaattccgagtgtagcggtgaaatgcgtagatattcggaggaacaccaattgcgaaggcagttcactggaccgtgatcgacgctgaggagcgaaagctaggggagcaaacaggattagataccctggtagtcctagctgtaaacgatggatactagatgtaggaactggattgacggtttctgtatcgtagctaacgcgttaagtatcccgcctggggagtacggtcgcaagacta	OCS155_a__Actino__1765_bp_rna	99.7	377	1	0	1	377	1	377	2.2e-202	691.8
tacgaactgtgcaaacgttattcggaatcactgggcttaaatggtgcgtaggcgggcttaaaggtccgatgtgaaagcccacggctcaaccgtggaattgcgttggaaaccataagtcttgagggagtcagaggtgagcggaactgatggtggagcggtgaaatgcgttgatatcatcaggaacaccggtggcgaaagcggctcactgggactcttctgacgctgaggcacgaaagctaggggagcgaacgggattagataccccggtagtcctagctgtaaacgatcagtactagtctgtggggacttccacatcctctcggacgtagcgaaagtgttaagtactgcgcctggggagtatggtcgcaaggctg	Planctomyces_1460_bp_rna	99.7	374	1	0	1	374	1	374	1e-200	686.2
tacgaactgtgcaaacgttattcggaatcactgggcttaaagggtgcgtaggcgggcttaaaggtccgatgtgaaagcccacggctcaaccgtggaattgcgttggaaaccataagtcttgagggagtcagaggtgagcggaactgatggtggagcggtgaaatgcgttgatatcatcaggaacaccggtggcgaaagcggctcactgggactcttctgacgctgaggcacgaaagctaggggagcgaacgggattagataccccggtagtcctagctgtaaacgatcagtactagtctgtggggacttccacatcctctcggacgtagctaaagtgttaagtactgcgcctggggagtatggtcgcaaggctg	Planctomyces_1460_bp_rna	99.7	374	1	0	1	374	1	374	1e-200	686.2
tacgaagggacctagcgtagttcggaattactgggcttaaagagttcgtaggtggttgaaaaagttggtggtgaaatcccagagcttaactctggaactgccatcaaaacttttcagctagagtatgataggggaaagcagaatttctagtgtagaggtgaaattcgtagatattagaaagaataccaattgcgaaggcagctttctggatcattactgacactgaggaacgaaaacatgggtagcgaagaggattagataccctcgtagtccatgccgtaaacgatgtgtgttagacgttggaaatttattttcagtgtcgcagcgaaagcgataaacacaccgcctggggagtacgaccgcaaggtta	SAR11_Surface_1__Alpha__1958_bp_rna	99.7	370	1	0	1	370	1	370	1.7e-198	678.8
tacgaagggacctagcgtagttcggaattactgggcttaaagagttcgtaggtggttgaaaaagttggtggtgaaatcccagagcttaactctggaactgccatcaaaacttttcagctagagtatgatagaggaaggcagaatttctagtgtagaggtgaaattcgtagatattagaaagaataccaattgcgaaggcagctttctggatcattactgacactgaggaacgaaaacatgggtagcgaagaggattagataccctcgtagtccatgccgtaaacgatgtgtgttagacgttggaaatttattttcagtgtcgcagcgaaagcgataaacacaccgcctggggagtacgaccgcaaggtta	SAR11_Surface_1__Alpha__1958_bp_rna	99.7	370	1	0	1	370	1	370	1.7e-198	678.8
tacataggggtcaagcgttgtccggatttattgggcgtaaagagctcgtaggcggttcaacaagtcggtcgtaaaagtttagggctcaaccctaaaatgtagatcgatactgttgtgactaggatacggtagaggtgaatggaattccgagtgtagcggtgaaatgcgtagatattcggaggaacaccaattgcgaaggcagttcactggaccgtgatcgacgctgaggagcgaaagctaggggagcaaacaggattagataccctggtagtcctagctgtaaacgatggatactagatgtaggaactggattgacggtttctgtatcgtagctaacgcgttaagtatcccgcctggggagtacggtcgcaagacta	OCS155_a__Actino__1765_bp_rna	99.7	377	1	0	1	377	1	377	2.2e-202	691.8
tacgaagggacctagcgtagttcggaattactgggcttaaagagttcgtaggtggttgaaaaagttggtggtgaaatcccagagcttaactctggaactgccatcaaaacttttcagctagagtatgatagaggaaagcagaatttctagtgtagaggcgaaattcgtagatattagaaagaataccaattgcgaaggcagctttctggatcattactgacactgaggaacgaaaacatgggtagcgaagaggattagataccctcgtagtccatgccgtaaacgatgtgtgttagacgttggaaatttattttcagtgtcgcagcgaaagcgataaacacaccgcctggggagtacgaccgcaaggtta	SAR11_Surface_1__Alpha__1958_bp_rna	99.7	370	1	0	1	370	1	370	1.7e-198	678.8
tacgaagggacctagcgtagttcggaattactgggcttaaagagttcgtaggtggttgaaaaagttggtggtgaaatcccagagcttaactctggaactgccatcaaaacttttcggctagagtatgatagaggaaagcagaatttctagtgtagaggtgaaattcgtagatattagaaagaataccaattgcgaaggcagctttctggatcattactgacactgaggaacgaaaacatgggtagcgaagaggattagataccctcgtagtccatgccgtaaacgatgtgtgttagacgttggaaatttattttcagtgtcgcagcgaaagcgataaacacaccgcctggggagtacgaccgcaaggtta	SAR11_Surface_1__Alpha__1958_bp_rna	99.7	370	1	0	1	370	1	370	1.7e-198	678.8
tacgaactgtgcaaacgttattcggaatcactgggcttaaagggtgcgtaggcgggcttaaaggtccgatgtgaaagcccacggctcaaccgtggaattgcgttggaaaccataagtcttgagggagtcagaggtgagcggaactgatggtggagcggtgaaatgcgttgatatcatcaggaacaccggtggcgaaagcggctcactgggactcttctgacgctgaggcacgaaagctaggggagcgaacgggattagataccccggtagtcctagctgtaaacgatcagtactagtctgtggggacttccacatcctctcggacgtagcgaaagtgttaagtactgcgcctgtggagtatggtcgcaaggctg	Planctomyces_1460_bp_rna	99.7	374	1	0	1	374	1	374	1e-200	686.2
tacggaggatccaagcgttatccggaatcattgggtttaaagggtccgtaggtggacaaataagtcagaggtgaaatcctgcagctcaactgtagaactgcctttgatactgtttgtcttgagttattatgaagtggttagaatgtgtagtgtagcggtgaaatgcatagatattacacagaataccgattgcgaaggcagatcactaataattaactgacactgagggacgaaagcgtgggtagctaacaggattagataccctggtagtccacgccgtaaacgatggtcactagctgtttggacttcggtctgagtggctaagcgaaagtgataagtgacccacctggggagtacgttcgcaagaatg	Flavobacteria_2061_bp_rna	99.7	370	1	0	1	370	1	370	1.7e-198	678.8
tacgaagggacctagcgtagttcggaattactgggcttaaagagttcgtaggtggttgaaaaagttggtggtgaaatcccagagcttaactctggaactgccatcaaaacttttcagctagagtatgatagaggaaagcagaatttctagtgtagaggtgaaattcgtagatattagaaagaataccaattgcgaaggcagctttctggatcattactgacactgaggaacgaaaacatgggtagcgaagaggattagataccctcgtagtccatgccgtaaacgatgtgtgttagacgttggaaatttattttaagtgtcgcagcgaaagcgataaacacaccgcctggggagtacgaccgcaaggtta	SAR11_Surface_1__Alpha__1958_bp_rna	99.7	370	1	0	1	370	1	370	1.7e-198	678.8
tacgaactgtgcaaacgttattcggaatcactgggcttaaagggtgcgtaggcgggcttaaaggtccgatgtgaaagcccacggctcaaccgtggaattgcgttggaaaccataagtcttgagggagtcagaggtgagcgtaactgatggtggagcggtgaaatgcgttgatatcatcaggaacaccggtggcgaaagcggctcactgggactcttctgacgctgaggcacgaaagctaggggagcgaacgggattagataccccggtagtcctagctgtaaacgatcagtactagtctgtggggacttccacatcctctcggacgtagcgaaagtgttaagtactgcgcctggggagtatggtcgcaaggctg	Planctomyces_1460_bp_rna	99.7	374	1	0	1	374	1	374	1e-200	686.2
tacgaactgtgcaaacgttattcggaatcactgggcttaaagggtgcgtaggcgggcttaaaggtccgatgtgaaagcccacggctcaaccgtggaattgcgttggaaaccataagtcttgagggagtcagaggtgagcggaactgatggtggagcggtgaaatgcgttgatatcatcaggaacaccggtggcgaaagcggctcactgggactcttctgacgctgaggcacgaaagctaggggagcgaacgggattagatacccaggtagtcctagctgtaaacgatcagtactagtctgtggggacttccacatcctctcggacgtagcgaaagtgttaagtactgcgcctggggagtatggtcgcaaggctg	Planctomyces_1460_bp_rna	99.7	374	1	0	1	374	1	374	1e-200	686.2
tacgaactgtgcaaacgttattcggaataactgggcttaaagggtgcgtaggcgggcttaaaggtccgatgtgaaagcccacggctcaaccgtggaattgcgttggaaaccataagtcttgagggagtcagaggtgagcggaactgatggtggagcggtgaaatgcgttgatatcatcaggaacaccggtggcgaaagcggctcactgggactcttctgacgctgaggcacgaaagctaggggagcgaacgggattagataccccggtagtcctagctgtaaacgatcagtactagtctgtggggacttccacatcctctcggacgtagcgaaagtgttaagtactgcgcctggggagtatggtcgcaaggctg	Planctomyces_1460_bp_rna	99.7	374	1	0	1	374	1	374	1e-200	686.2
tacgaagggacctagcgtagttcggaattactgggcttaaagagttcgtaggtggttgaaaaagttggtggtgaaatcccagagcttaactctggaactgccatcaaaacttttcagctagagtatgatagaggaaagcagaatttctagtgtagaggtgaaattagtagatattagaaagaataccaattgcgaaggcagctttctggatcattactgacactgaggaacgaaaacatgggtagcgaagaggattagataccctcgtagtccatgccgtaaacgatgtgtgttagacgttggaaatttattttcagtgtcgcagcgaaagcgataaacacaccgcctggggagtacgaccgcaaggtta	SAR11_Surface_1__Alpha__1958_bp_rna	99.7	370	1	0	1	370	1	370	1.7e-198	678.8
tacgaactgtgcaaacgttattcggaatcactgggcttaaagggtgcgtaggcgggcttaaaggtccgatgtgaaagcccacggctcaaccgtggaattgcgttggaaaccataagtcttgagggagtcagaggtgagcggaactgatggtggagcggttaaatgcgttgatatcatcaggaacaccggtggcgaaagcggctcactgggactcttctgacgctgaggcacgaaagctaggggagcgaacgggattagataccccggtagtcctagctgtaaacgatcagtactagtctgtggggacttccacatcctctcggacgtagcgaaagtgttaagtactgcgcctggggagtatggtcgcaaggctg	Planctomyces_1460_bp_rna	99.7	374	1	0	1	374	1	374	1e-200	686.2
tacgaactgtgcaaacgttattcggaatcactgggcttaaagggtgcgtaggcgggcttaaaggtccgatgtgaaagcccacggctcaacagtggaattgcgttggaaaccataagtcttgagggagtcagaggtgagcggaactgatggtggagcggtgaaatgcgttgatatcatcaggaacaccggtggcgaaagcggctcactgggactcttctgacgctgaggcacgaaagctaggggagcgaacgggattagataccccggtagtcctagctgtaaacgatcagtactagtctgtggggacttccacatcctctcggacgtagcgaaagtgttaagtactgcgcctggggagtatggtcgcaaggctg	Planctomyces_1460_bp_rna	99.7	374	1	0	1	374	1	374	1e-200	686.2
tacgaagggacctagcgtagttcggaattactgggcttaaagagttcgtaggttgttgaaaaagttggtggtgaaatcccagagcttaactctggaactgccatcaaaacttttcagctagagtatgatagaggaaagcagaatttctagtgtagaggtgaaattcgtagatattagaaagaataccaattgcgaaggcagctttctggatcattactgacactgaggaacgaaaacatgggtagcgaagaggattagataccctcgtagtccatgccgtaaacgatgtgtgttagacgttggaaatttattttcagtgtcgcagcgaaagcgataaacacaccgcctggggagtacgaccgcaaggtta	SAR11_Surface_1__Alpha__1958_bp_rna	99.7	370	1	0	1	370	1	370	1.7e-198	678.8
tacgaactgtgcaaacgttattcggaatcactgggcttaaagggtgcgtaggcgggcttaaaggtccgatgtgaaagcccacggctcaaccgtggaattgcgttggaaaccataagtcttgagggagtcagaggtgagcggaactgatggtggagcggtgaaatgcgttgatatcatcaggaacaccggtggcgaaagcggctcactgggactcttctgacgctgaggcacgaaagctagtggagcgaacgggattagataccccggtagtcctagctgtaaacgatcagtactagtctgtggggacttccacatcctctcggacgtagcgaaagtgttaagtactgcgcctggggagtatggtcgcaaggctg	Planctomyces_1460_bp_rna	99.7	374	1	0	1	374	1	374	1e-200	686.2
tacgaactgtgcaaacgttattcggaatcactgggcttaaagggtgcgtaggcgggcttaaaggtccgatgtgaaagcccacggctcaaccgtggaattgcgttggaaaccataagtcttgagggagtcagaggtgagcggaactgatggtggagctgtgaaatgcgttgatatcatcaggaacaccggtggcgaaagcggctcactgggactcttctgacgctgaggcacgaaagctaggggagcgaacgggattagataccccggtagtcctagctgtaaacgatcagtactagtctgtggggacttccacatcctctcggacgtagcgaaagtgttaagtactgcgcctggggagtatggtcgcaaggctg	Planctomyces_1460_bp_rna	99.7	374	1	0	1	374	1	374	1e-200	686.2
tacataggggtcaagcgttgtccggatttattgggcgtaaagagctcgtaggcggttcaacaagtcggtcgtaaaagtttagggctcaaccctaaaatgtcgatcgatactgttgtgactaggatacggtagaggtgaatggaattccgagtgtagcggtgaaatgcgtagatattcggaggaacaccaattgcgaaggcagttcactggaccgtgatcgacgctgaggagcgaaagctagggtagcaaacaggattagataccctggtagtcctagctgtaaacgatggatactagatgtaggaactggattgacggtttctgtatcgtagctaacgcgttaagtatcccgcctggggagtacggtcgcaagacta	OCS155_a__Actino__1765_bp_rna	99.7	377	1	0	1	377	1	377	2.2e-202	691.8
tacgaagggacctagcgtagttcggaattactgggcttaaagagttcgtaggtggttgaaaaagttggtggtgaaatcccagagcttaactctggaactgccatcaaaacttttcagctagagtatgatagaggaaagcagaatttctagtgtagaggtgaaattcgtagatattagaaagaataccaattgcgaaggcagctttctggatcattactgacactgaggaacgaaaacatgggtagcgaagaggattagatacccccgtagtccatgccgtaaacgatgtgtgttagacgttggaaatttattttcagtgtcgcagcgaaagcgataaacacaccgcctggggagtacgaccgcaaggtta	SAR11_Surface_1__Alpha__1958_bp_rna	99.7	370	1	0	1	370	1	370	1.7e-198	678.8
tacgtagggtgcaagcgttaatcggaattactgggcgtaaagcgtgcgcaggcggttttgtaagtctgatgtgaaatccccgggctcaacctgggaactgcattggagactgcaaggctagagtgtgtcagaggggggtagaattccacgtgtagcagtgaaatgcgtagagatgtggaggaataccgatggcgaaggcagccccctgggataacactgacgctcatgcacgaaagcgtggggagcaaacaggattagataccctggtagtccacgccctaaacgatgtctactagttgtcgggacttaattgtcttggtaacgcagctaacgcgtgaagtagaccgcctggggagtacggtcgcaagatta	Pseudospirillum__Gamma__2285_bp_rna	86.6	373	49	1	1	372	1	373	5.2e-114	398.1
tacataggggtcaagcgttgtccggatttattgggcgtaaagagctcgtaggcggttcaacaagtaggtcgtaaaagtttagggctcaaccctaaaatgtcgatcgatactgttgtgactaggatacggtagaggtgaatggaattccgagtgtagcggtgaaatgcgtagatattcggaggaacaccaattgcgaaggcagttcactggaccgtgatcgacgctgaggagcgaaagctaggggagcaaacaggattagataccctggtagtcctagctgtaaacgatggatactagatgtaggaactggattgacggtttctgtatcgtagctaacgcgttaagtatcccgcctggggagtacggtcgcaagacta	OCS155_a__Actino__1765_bp_rna	99.7	377	1	0	1	377	1	377	2.2e-202	691.8
tacgaagggacctagcgtagttcggaattactgggcttaaagagttcgtaggtggtttaaaaagttggtggtgaaatcccagagcttaactctggaactgccatcaaaacttttcagctagagtatgatagaggaaagcagaatttctagtgtagaggtgaaattcgtagatattagaaagaataccaattgcgaaggcagctttctggatcattactgacactgaggaacgaaaacatgggtagcgaagaggattagataccctcgtagtccatgccgtaaacgatgtgtgttagacgttggaaatttattttcagtgtcgcagcgaaagcgataaacacaccgcctggggagtacgaccgcaaggtta	SAR11_Surface_1__Alpha__1958_bp_rna	99.7	370	1	0	1	370	1	370	1.7e-198	678.8
tacgaagggacctagcgtagttcggaattactgggcttaaggagttcgtaggtggttgaaaaagttggtggtgaaatcccagagcttaactctggaactgccatcaaaacttttcagctagagtatgatagaggaaagcagaatttctagtgtagaggtgaaattcgtagatattagaaagaataccaattgcgaaggcagctttctggatcattactgacactgaggaacgaaaacatgggtagcgaagaggattagataccctcgtagtccatgccgtaaacgatgtgtgttagacgttggaaatttattttcagtgtcgcagcgaaagcgataaacacaccgcctggggagtacgaccgcaaggtta	SAR11_Surface_1__Alpha__1958_bp_rna	99.7	370	1	0	1	370	1	370	1.7e-198	678.8
tacgaagggacctagcgtagttcggaattactgggcttaaagagttcgtaggtggttgaaaaagttggtggtgaaatcccagagcttaactccggaactgccatcaaaacttttcagctagagtatgatagaggaaagcagaatttctagtgtagaggtgaaattcgtagatattagaaagaataccaattgcgaaggcagctttctggatcattactgacactgaggaacgaaaacatgggtagcgaagaggattagataccctcgtagtccatgccgtaaacgatgtgtgttagacgttggaaatttattttcagtgtcgcagcgaaagcgataaacacaccgcctggggagtacgaccgcaaggtta	SAR11_Surface_1__Alpha__1958_bp_rna	99.7	370	1	0	1	370	1	370	1.7e-198	678.8
tacataggggtcaagcgttgtcaggatttattgggcgtaaagagctcgtaggcggttcaacaagtcggtcgtaaaagtttagggctcaaccctaaaatgtcgatcgatactgttgtgactaggatacggtagaggtgaatggaattccgagtgtagcggtgaaatgcgtagatattcggaggaacaccaattgcgaaggcagttcactggaccgtgatcgacgctgaggagcgaaagctaggggagcaaacaggattagataccctggtagtcctagctgtaaacgatggatactagatgtaggaactggattgacggtttctgtatcgtagctaacgcgttaagtatcccgcctggggagtacggtcgcaagacta	OCS155_a__Actino__1765_bp_rna	99.7	377	1	0	1	377	1	377	2.2e-202	691.8
tacgaagggggcgagcgttgttcggaattactgggcgtaaagggagcgcaggcggttcattaagttaggcgtgaaagccccgggctcaacccgggaactgcgtttaatactgatgaactagaaaacaggagagggtagtggaatttccagtgtagaggtgaaattcgtagatattggaaagaacaccggtggcgaaagcggctacctggcctgattttgacgctgaggctcgaaagcgtggggagcaaacaggattagataccctggtagtccacgccgtaaacgatgacagctagatgtcggggggtcgcccctcggtgtcgccgctaacgcattaagctgtccgcctgggaagtacggtcgcaagatta	SAR116_c__Alpha__2045_bp_rna	100.0	371	0	0	1	371	1	371	9.9e-201	686.2
tacataggggtcaagcgttgtccggatttattgggcgtaaagagctcgtaggcggttcaacaagtcggtcgtaaaagtttagggctcaaccctaaaatgtcgatcgatactgttgtgactaggatacggtagaggtgaatggaattccgagtgtagcggtgaaatgcgtagatattcggaggaacaccaattgcgaaggcagttaactggaccgtgatcgacgctgaggagcgaaagctaggggagcaaacaggattagataccctggtagtcctagctgtaaacgatggatactagatgtaggaactggattgacggtttctgtatcgtagctaacgcgttaagtatcccgcctggggagtacggtcgcaagacta	OCS155_a__Actino__1765_bp_rna	99.7	377	1	0	1	377	1	377	2.2e-202	691.8
tacataggggtcaagcgttgtccggatttattgggcgtaaagagctcgtaggcggttcaacaagtctgtcgtaaaagtttagggctcaaccctaaaatgtcgatcgatactgttgtgactaggatacggtagaggtgaatggaattccgagtgtagcggtgaaatgcgtagatattcggaggaacaccaattgcgaaggcagttcactggaccgtgatcgacgctgaggagcgaaagctaggggagcaaacaggattagataccctggtagtcctagctgtaaacgatggatactagatgtaggaactggattgacggtttctgtatcgtagctaacgcgttaagtatcccgcctggggagtacggtcgcaagacta	OCS155_a__Actino__1765_bp_rna	99.7	377	1	0	1	377	1	377	2.2e-202	691.8
tacataggggtcaagcgttgtccggatttattgggcgtaaagagctcgtaggcggttcaacaagtcggtcgtaaaagtttagggctcaaccctaaaatgtcgatcgatactgttgtgactaggatacggtagaggtgaatggaattccgagtgtagcggtgaaatgcgtagatattcggaggaacaccaattgcgaaggcagttcactggaccgtgatcgacgctgagtagcgaaagctaggggagcaaacaggattagataccctggtagtcctagctgtaaacgatggatactagatgtaggaactggattgacggtttctgtatcgtagctaacgcgttaagtatcccgcctggggagtacggtcgcaagacta	OCS155_a__Actino__1765_bp_rna	99.7	377	1	0	1	377	1	377	2.2e-202	691.8
tacataggggtcaagcgttgtccggatttattgggcgtaaagagctcgtaggcggttcaacaagtcggtcgtaaaagtttagggctcaaccctaaaatgtcgatcgatactgttgtgactaggatacggtagaggtgaatggaattccgagtgtagcggtgaaatgcgtagatattcggaggaacaccaattgcgaaggcagttcactggaccgtgatcgacgctgaggagcgaaagctaggggagcaaacaggattagataccctggtagtcctagctgtaaacgatggatactagatgtaggaactggattgacggtttctgtatcgtagctaacgcgttaagtatcccgcctggggagtacggtcgcaatacta	OCS155_a__Actino__1765_bp_rna	99.7	377	1	0	1	377	1	377	2.2e-202	691.8
tacataggggtcaagcgttgtccggatttattgggcgtaaagagctcgtaggcggttcaacaagtcggtcgtaaaagtttagggctcaaccctaaaatgtcgatcgatactgttgtgactaggatacggtagaggtgaatggaattccgagtgtagcggtgaaatgcgtagatattcggaggaacaccaattgcgaaggcagttcactggaccgtgatcgacgctgaggagcgaaagctaggggagcaaacaggattagataccctggtagtcctagctgtaaacgatggatactagatgtaggaactggattgacggtttctgtatcgtagctaacgcgttaagtatccagcctggggagtacggtcgcaagacta	OCS155_a__Actino__1765_bp_rna	99.7	377	1	0	1	377	1	377	2.2e-202	691.8
tacataggggtcaagcgttgtccggatttattgggcgtaaagagctcgtaggcggttcaacaagtcggtcgtaaaagtttagggctcaaccctaaaatgtcgatcgatactgttgtgactaggatacggtagaggtgaatggaattccgagtgtagcggtgaaatgcgtagatattcggaggaacaccaattgcgaaggcagttcactggaccgtgatcgacgctgaggagcgaaagctaggggagcaaacaggattagataccctggtagtcctagctgtaaacgatggatactagatgtaggaactggattgacggtttctgtatcgtagctaacgcgttaagtatcccgcctggggagtacggccgcaagacta	OCS155_a__Actino__1765_bp_rna	99.7	377	1	0	1	377	1	377	2.2e-202	691.8
tacgaagggacctagcgtagttcggaattactgggcttaaagagttcgtaggtggttgaaaaagttggtggttaaatcccagagcttaactctggaactgccatcaaaacttttcagctagagtatgatagaggaaagcagaatttctagtgtagaggtgaaattcgtagatattagaaagaataccaattgcgaaggcagctttctggatcattactgacactgaggaacgaaaacatgggtagcgaagaggattagataccctcgtagtccatgccgtaaacgatgtgtgttagacgttggaaatttattttcagtgtcgcagcgaaagcgataaacacaccgcctggggagtacgaccgcaaggtta	SAR11_Surface_1__Alpha__1958_bp_rna	99.7	370	1	0	1	370	1	370	1.7e-198	678.8
tacgaactgtgcaaacgttattctgaatcactgggcttaaagggtgcgtaggcgggcttaaaggtccgatgtgaaagcccacggctcaaccgtggaattgcgttggaaaccataagtcttgagggagtcagaggtgagcggaactgatggtggagcggtgaaatgcgttgatatcatcaggaacaccggtggcgaaagcggctcactgggactcttctgacgctgaggcacgaaagctaggggagcgaacgggattagataccccggtagtcctagctgtaaacgatcagtactagtctgtggggacttccacatcctctcggacgtagcgaaagtgttaagtactgcgcctggggagtatggtcgcaaggctg	Planctomyces_1460_bp_rna	99.7	374	1	0	1	374	1	374	1e-200	686.2
tacgaagggacctagcgtagttcggaattactgggcttaaagagttcgtaggtggttgaaaaagttggtggtgaaatcccagagcttaactctggaactgccatcaaaacttttcagctagagtatgatagaggaaagcagaatttctagtgtagaggtgaaattcgtagatattagaaagaataccaattgcgaaggcagctttctggatcattactgacactgaggaacgaaaacatgggtagcgaagaggattagataccctcgtagtccatgccgtaaacgatgtgtgttagacgttggaaatttattttcagtgtcgcagcgaaagcgataaacacaccgcctggggagtacgaccgcaatgtta	SAR11_Surface_1__Alpha__1958_bp_rna	99.7	370	1	0	1	370	1	370	1.7e-198	678.8
tacgaactgtgcaaacgttattcggaatcactgggcttaaagggtgcgtaggcgggcttaaaggtccgatgtgaaagcccacggctcaaccgtggaattgcgttggaaaccataagtcttgagggagtcagaggtgagcggaactgatggtggagcggtgaaatgcgttgatatcatcaggaacaccggtggcgaaagcggctcactgggactcttctgacgctgaggcacgaaagctaggggagcgaacgggattagataccccggtagtcctagctgtaaacgatcagtactagtctgtggggacttccacatcctctcggacgtagcgaaagtgttaagtactgcgcctggggagtatggtcgcaatgctg	Planctomyces_1460_bp_rna	99.7	374	1	0	1	374	1	374	1e-200	686.2
tacggacggtcctagcgttgttcggaattactgggcgtaaagcgcatgtaggcggaacagaaagttagaagtgaaatccctgggctcaacctaggaattgcttttaaaacttctgttctggaattcaggagaggaaaatggaatttccagtgtagaggtgaaattcgtagatattggaaggaacaccagtggcgaaggcgattttctggactgatattgacgctgagatgcgaaggcatgggtagcaaacgggattagataccccggtagtccatgcagtaaacgatgggtgctagtcgtcggacttttgttcggtgtcgtagctaacgcgttaagcaccccgcctggggagtacggtcgcaagatta	AEGEAN-169_Alpha__1974_bp_rna	99.7	368	1	0	1	368	1	368	2.1e-197	675.1
tacgaagggacctagcgtagttcggaattactgggcttaaagagttcgtaggtggttgaaaaagttggtggtgaaatcccagagcttaactctggaactgccatcaaaacttttcagctagagtatgatagaggaaagcagaatttctagtgtagaggtgaaattcgtagatattagaaagaataccaattgcgaaggcagctttctggatcattactgacactgaggaacgaaaacatgggtagcgaagaggattagataccctcgtagtccatgccgtaaacgatgtgcgttagacgttggaaatttattttcagtgtcgcagcgaaagcgataaacacaccgcctggggagtacgaccgcaaggtta	SAR11_Surface_1__Alpha__1958_bp_rna	99.7	370	1	0	1	370	1	370	1.7e-198	678.8
tacgaagggacctagcgtagttcggaattactgggcttaaagagttagtaggtggttgaaaaagttggtggtgaaatcccagagcttaactctggaactgccatcaaaacttttcagctagagtatgatagaggaaagcagaatttctagtgtagaggtgaaattcgtagatattagaaagaataccaattgcgaaggcagctttctggatcattactgacactgaggaacgaaaacatgggtagcgaagaggattagataccctcgtagtccatgccgtaaacgatgtgtgttagacgttggaaatttattttcagtgtcgcagcgaaagcgataaacacaccgcctggggagtacgaccgcaaggtta	SAR11_Surface_1__Alpha__1958_bp_rna	99.7	370	1	0	1	370	1	370	1.7e-198	678.8
tacgaagggacctagcgtagttcggaattactgggcttaaagagttcgtaggtggttgaaaaagttggtggtgaaatcccagagcttaactctggaactgccatcaaaacttttcagctagagtatgatagaggaaagcagaatttctagtgtagaggtgaaattcgtagatattagaaagaataccaattgcgaaggcagctttctggatcattactgacactgaggaacgaaaacatgggtagcgaagaggattagataccctcgtagtccatgccgtaaacgatgtgtgttagacgttggaaatttattttcagtgccgcagcgaaagcgataaacacaccgcctggggagtacgaccgcaaggtta	SAR11_Surface_1__Alpha__1958_bp_rna	99.7	370	1	0	1	370	1	370	1.7e-198	678.8
tacgaagggacctagcgtagttcggaattactgggcttaaagagttcgtaggtggttgaaaaagttggtggtgaaatcccagagcttaactctggaactgccatcaaaacttttcagctagagtatgatagaggaaagcagaatttctagtgtagaggtgaaattcgtagatattagaaagaataccaattgcgaaggcagctttctggatcattactgacactgaggaacgaaaacatgggtagcgaagaggattagataccctcgtagtccatgtcgtaaacgatgtgtgttagacgttggaaatttattttcagtgtcgcagcgaaagcgataaacacaccgcctggggagtacgaccgcaaggtta	SAR11_Surface_1__Alpha__1958_bp_rna	99.7	370	1	0	1	370	1	370	1.7e-198	678.8
tacgaagggacctagcgtagttcggaattactgggcttaaagagttcgtaggtggttgaaaaagttggtggtgaaatcccagagcttaactctggaactgccatcaaaacttttcagctagagtatgatagaggaaagcagaatttctagtgtagaggtgaaattcgtagatattagaaagaataccaattgcgaaggcagctttctggatcattactgacactggggaacgaaaacatgggtagcgaagaggattagataccctcgtagtccatgccgtaaacgatgtgtgttagacgttggaaatttattttcagtgtcgcagcgaaagcgataaacacaccgcctggggagtacgaccgcaaggtta	SAR11_Surface_1__Alpha__1958_bp_rna	99.7	370	1	0	1	370	1	370	1.7e-198	678.8
tacgaagggacctagcgtagttcggaattactgggcttaaagagttcgtaggtggttgaaaaagttggtggtgaaatcccagagcttaactctggaactgccatcaaaacttttcagctagagtatgatagaggaaagcagaatttctagtgtagaggtgaaattcgtagatattagaaagaataccaattgcgaaggcagctttctggatcattactgacactgaggaacgaaaacatgggtagcgaagaggattagataccctcgtagtccatgccgtaaacgatgtgtgttagacgttggaaatttattttcagtgtcgcggcgaaagcgataaacacaccgcctggggagtacgaccgcaaggtta	SAR11_Surface_1__Alpha__1958_bp_rna	99.7	370	1	0	1	370	1	370	1.7e-198	678.8
tacgaagggacctagcgtagttcggaattactgggcttaaagagttcgtaggtggttgaaaaagttggtggtgaaatcccagagcttaactctggaactgccatcaaaacttttcagctagagtatgatagaggaaagcagaatttctagtgtagaggtgaaattcgtagatattagaaagaataccaattgcgaaggcagctttctggatcattactgacactgaggaacgaaaacatgggtagcgaagaggattagataccctcgtagtccatgccgtaaacgatgtgtgttagacgttggaaatttattttcagtgtcgcagcgaaagcgataaacacaccgcctggggagtactaccgcaaggtta	SAR11_Surface_1__Alpha__1958_bp_rna	99.7	370	1	0	1	370	1	370	1.7e-198	678.8
tacgaagggacctagcgtagttcggaattactgggcttaaagagttcgtaggtggttgaaaaagttggtggtgaaatcccagagcttaactctggaactgccatcaaaacttttcagctagagtatgatagaggaaagcagaatttctagtgtagaggtgaaattcgtagatattagaaagaataccaattgcgaaggcagctttctggatcattactgacactgaggagcgaaaacatgggtagcgaagaggattagataccctcgtagtccatgccgtaaacgatgtgtgttagacgttggaaatttattttcagtgtcgcagcgaaagcgataaacacaccgcctggggagtacgaccgcaaggtta	SAR11_Surface_1__Alpha__1958_bp_rna	99.7	370	1	0	1	370	1	370	1.7e-198	678.8
tacgaagggacctagcgtagttcggaattactgggcttaaagagttcgtaggtggttgaaaaagttggtggtgaaatcccagagcttaactctggaactgccatcaaaacttttcagctagagtatgatagaggaaagcagaatttctagtgtagaggtgaaattcgtagatattagaaagaataccaattgcgaaggcagctttctggatcattactgacactgaggaacgaaaacatgggtagcgaagaggattagataccctcgtagtccatgccgtaaacgatgtgtgttagacgttggaaatttattttcagtgtcgcagcgaaagcgataaacacaccgcctggggagtacgacagcaaggtta	SAR11_Surface_1__Alpha__1958_bp_rna	99.7	370	1	0	1	370	1	370	1.7e-198	678.8
tacgaagggacctagcgtagttcggaattactgggcttaaagagttcgtaggtggttgaaaaagttggtggcgaaatcccagagcttaactctggaactgccatcaaaacttttcagctagagtatgatagaggaaagcagaatttctagtgtagaggtgaaattcgtagatattagaaagaataccaattgcgaaggcagctttctggatcattactgacactgaggaacgaaaacatgggtagcgaagaggattagataccctcgtagtccatgccgtaaacgatgtgtgttagacgttggaaatttattttcagtgtcgcagcgaaagcgataaacacaccgcctggggagtacgaccgcaaggtta	SAR11_Surface_1__Alpha__1958_bp_rna	99.7	370	1	0	1	370	1	370	1.7e-198	678.8
tacataggggccaagcgttgtccggatttattgggcgtaaagagctcgtaggcggttcaacaagtcggtcgtaaaagtttagggctcaaccctaaaatgtcgatcgatactgttgtgactaggatacggtagaggtgaatggaattccgagtgtagcggtgaaatgcgtagatattcggaggaacaccaattgcgaaggcagttcactggaccgtgatcgacgctgaggagcgaaagctaggggagcaaacaggattagataccctggtagtcctagctgtaaacgatggatactagatgtaggaactggattgacggtttctgtatcgtagctaacgcgttaagtatcccgcctggggagtacggtcgcaagacta	OCS155_a__Actino__1765_bp_rna	99.7	377	1	0	1	377	1	377	2.2e-202	691.8
tacgaagggacctagcgtagttcggaattactgggcttaaagagttcgtaggtggttgaaaaagttggtggtgaaatcccagagcttaactctggaactgccgtcaaaacttttcagctagagtatgatagaggaaagcagaatttctagtgtagaggtgaaattcgtagatattagaaagaataccaattgcgaaggcagctttctggatcattactgacactgaggaacgaaaacatgggtagcgaagaggattagataccctcgtagtccatgccgtaaacgatgtgtgttagacgttggaaatttattttcagtgtcgcagcgaaagcgataaacacaccgcctggggagtacgaccgcaaggtta	SAR11_Surface_1__Alpha__1958_bp_rna	99.7	370	1	0	1	370	1	370	1.7e-198	678.8
tacataggggtcaagcgttgtccggatttatttggcgtaaagagctcgtaggcggttcaacaagtcggtcgtaaaagtttagggctcaaccctaaaatgtcgatcgatactgttgtgactaggatacggtagaggtgaatggaattccgagtgtagcggtgaaatgcgtagatattcggaggaacaccaattgcgaaggcagttcactggaccgtgatcgacgctgaggagcgaaagctaggggagcaaacaggattagataccctggtagtcctagctgtaaacgatggatactagatgtaggaactggattgacggtttctgtatcgtagctaacgcgttaagtatcccgcctggggagtacggtcgcaagacta	OCS155_a__Actino__1765_bp_rna	99.7	377	1	0	1	377	1	377	2.2e-202	691.8
tacgaagggacctagcgtagttcggaattactgggcttaaagagttcgtaggtggttgaaaaagttggtggtgaaatcccagagcttaactctggaactgccatcaaaacttttcagctagggtatgatagaggaaagcagaatttctagtgtagaggtgaaattcgtagatattagaaagaataccaattgcgaaggcagctttctggatcattactgacactgaggaacgaaaacatgggtagcgaagaggattagataccctcgtagtccatgccgtaaacgatgtgtgttagacgttggaaatttattttcagtgtcgcagcgaaagcgataaacacaccgcctggggagtacgaccgcaaggtta	SAR11_Surface_1__Alpha__1958_bp_rna	99.7	370	1	0	1	370	1	370	1.7e-198	678.8
tacgaagggacctagcgtagttcggaattactgggcttaaagagttcgtaggtggttgaaaaagttggtggtgaaatcccggagcttaactctggaactgccatcaaaacttttcagctagagtatgatagaggaaagcagaatttctagtgtagaggtgaaattcgtagatattagaaagaataccaattgcgaaggcagctttctggatcattactgacactgaggaacgaaaacatgggtagcgaagaggattagataccctcgtagtccatgccgtaaacgatgtgtgttagacgttggaaatttattttcagtgtcgcagcgaaagcgataaacacaccgcctggggagtacgaccgcaaggtta	SAR11_Surface_1__Alpha__1958_bp_rna	99.7	370	1	0	1	370	1	370	1.7e-198	678.8
tacgtagggggcgagcgttacccggatttactgggcgtaaagggcgtgtaggtggctcggttagtcgtttgtgaaagacctcagcttaactgaggaagtgctgacgaaaccaccgggctagaggacagtagaggcgagtggaattcccggcggagcggtgaaatgcgtagatctcgggaggaacaccagtggcgaaggcggctcgctgggctgtacctgacactaaggcgcgaaagcatggggagcaaaccggattagatacccgggtagtccatgccctaaacgatggatgctaggtattgggggtatcgacccctcctgtgccacagcttacgcgttaagcatcccgcctggggagtacggccgcaaggcta	SAR202_b__Chloroflexi_________1503_bp__________rna	100.0	374	0	0	1	374	1	374	2.2e-202	691.8
gtgtcagcagccgcggtggctggcacctcaagtggtcaggatgattattgggcctaaagcatccgtagccggctctgtaagttttcggttaaatctgtacgctcaacgtacaggctgccgggaatactgcaaagctagggagtgggagaagtagacggtactcggtaggaagtggtaaaatgctttgatctatcgatgaccacctgtggcgaaggcggtctactagaacgcgtccgacggtgagggatgaaagctgggggagcaaaccggattagatacccgggtagtcccagctgtaaactatgcaaactcagtgatgcattggcttgtggccaatgcagtgctgcagggaagccgttaagtttgccgcctgggaagtacgtacgcaagtatg	Taumarchaea_MGI_a_1364_bp_rna	100.0	372	0	0	23	394	6	377	2.9e-201	688.1
tacggagggtgcgagcgttaatcggaattactgggcgtaaagcgcgcgtaggtggcttgataagccggttgtgaaagccccgggctcaacctgggaacggcatccggaactgtcaggctagagtgcaggagaggaaggtagaattcccggtgtagcggtgaaatgcgtagagatcgggaggaataccagtggcgaaggcggccttctggactgacactgacactgaggtgcgaaagcgtgggtagcaaacaggattagataccctggtagtccacgccgtaaacgatgtcgaccagccgttgggtgcctagcgcactttgtggcgaagttaacgcgataagtcgaccgcctggggagtacggccgcaaggtta	SAR92__Gamma__2072_bp_rna	88.7	373	42	0	1	373	1	373	8.5e-132	457.2
tacgaagggacctagcgtagttcggaattactgggcttaaagagttcgtaggtggttgaaaaagttggtggtgaaatcccagagcttaactctggaactgccatcaaaacttttcagctagagtatgatagaggaaagcagaatttctagtgtagaggtgaaattcgtagatattagaaagaataccaattgcgaaggcagctttctggatcattactgacactgaggaacgaaaacatgggtagcgaagaggattagataccctcgtagtccatgccgtaaacgatgtgtgttagacgttggaaatttattttcagtgtcgcagcgaaagctataaacacaccgcctggggagtacgaccgcaaggtta	SAR11_Surface_1__Alpha__1958_bp_rna	99.7	370	1	0	1	370	1	370	1.7e-198	678.8
tacgaagggacctagcgtagttcggaattactgggcttaaagagttcgtaggtggttgaaaaagttggtggtgaaatcccagagcttaactctggaactgccatcaaaacttttcagctagagtatgatagaggaaagcagaatttctagtgtagaggtgaaattcgtagatattagaaagaataccaattgcgaaggcagctttctggatcattactgacactgaggaactaaaacatgggtagcgaagaggattagataccctcgtagtccatgccgtaaacgatgtgtgttagacgttggaaatttattttcagtgtcgcagcgaaagcgataaacacaccgcctggggagtacgaccgcaaggtta	SAR11_Surface_1__Alpha__1958_bp_rna	99.7	370	1	0	1	370	1	370	1.7e-198	678.8
tacgaagggacctagcgtagttcggaattactgggcttaaagagttcgtaggtggttgaaaaagttggtggtgaaatcccagagcttaactctggaactgccatcaaaacttttaagctagagtatgatagaggaaagcagaatttctagtgtagaggtgaaattcgtagatattagaaagaataccaattgcgaaggcagctttctggatcattactgacactgaggaacgaaaacatgggtagcgaagaggattagataccctcgtagtccatgccgtaaacgatgtgtgttagacgttggaaatttattttcagtgtcgcagcgaaagcgataaacacaccgcctggggagtacgaccgcaaggtta	SAR11_Surface_1__Alpha__1958_bp_rna	99.7	370	1	0	1	370	1	370	1.7e-198	678.8
tacgaagggacctagcgtagttcggaattactgggcttaaagagttcgtaggtggttgaaaaagttggtggtgaaatcccagagcttaactctggaactgccatcaaaacttttcagctagagtatgatagaggaaagcagaatttctagtgtagaggtgaaattcgtagatattagaaagaataccaattgcgaaggcagctttctggatcattaccgacactgaggaacgaaaacatgggtagcgaagaggattagataccctcgtagtccatgccgtaaacgatgtgtgttagacgttggaaatttattttcagtgtcgcagcgaaagcgataaacacaccgcctggggagtacgaccgcaaggtta	SAR11_Surface_1__Alpha__1958_bp_rna	99.7	370	1	0	1	370	1	370	1.7e-198	678.8
tacgaagggacctagcgtagttcggaattactgggcttaaagagttcgtaggtggttgaaaaagttggtggtgaaatcccagagcttaactctggaactgccatcaaaacttttcagctagagtatgatagaggaaagcagaatttctagtgtagaggtggaattcgtagatattagaaagaataccaattgcgaaggcagctttctggatcattactgacactgaggaacgaaaacatgggtagcgaagaggattagataccctcgtagtccatgccgtaaacgatgtgtgttagacgttggaaatttattttcagtgtcgcagcgaaagcgataaacacaccgcctggggagtacgaccgcaaggtta	SAR11_Surface_1__Alpha__1958_bp_rna	99.7	370	1	0	1	370	1	370	1.7e-198	678.8
tacgaagggacctagcgtagttcggaattactgggcttaaagagttcgtaggtggttgaaaaagttggtggtgaaatcccagggcttaactctggaactgccatcaaaacttttcagctagagtatgatagaggaaagcagaatttctagtgtagaggtgaaattcgtagatattagaaagaataccaattgcgaaggcagctttctggatcattactgacactgaggaacgaaaacatgggtagcgaagaggattagataccctcgtagtccatgccgtaaacgatgtgtgttagacgttggaaatttattttcagtgtcgcagcgaaagcgataaacacaccgcctggggagtacgaccgcaaggtta	SAR11_Surface_1__Alpha__1958_bp_rna	99.7	370	1	0	1	370	1	370	1.7e-198	678.8
tacataggggtcaagcgttgtccggatttattgggcgtaaagagctcgtaggcggttcaacaagtcggtcgtaaaagtttagggctcaaccctaaaatgtcgatcgatactgttgtgactaggatacggtaggggtgaatggaattccgagtgtagcggtgaaatgcgtagatattcggaggaacaccaattgcgaaggcagttcactggaccgtgatcgacgctgaggagcgaaagctaggggagcaaacaggattagataccctggtagtcctagctgtaaacgatggatactagatgtaggaactggattgacggtttctgtatcgtagctaacgcgttaagtatcccgcctggggagtacggtcgcaagacta	OCS155_a__Actino__1765_bp_rna	99.7	377	1	0	1	377	1	377	2.2e-202	691.8
tacataggggtcaagcgttgtccggatttattgggcgtaaagagctcgtaggcggttcaacaagtcggtcgtaaaagtttagggctcaaccctaaaatgtcgatcgatactgttgtgactaggatacggtagaggtgaatggaattcagagtgtagcggtgaaatgcgtagatattcggaggaacaccaattgcgaaggcagttcactggaccgtgatcgacgctgaggagcgaaagctaggggagcaaacaggattagataccctggtagtcctagctgtaaacgatggatactagatgtaggaactggattgacggtttctgtatcgtagctaacgcgttaagtatcccgcctggggagtacggtcgcaagacta	OCS155_a__Actino__1765_bp_rna	99.7	377	1	0	1	377	1	377	2.2e-202	691.8
tacggaggatccaagcgttatccggaatcattgggtttaaagggtccgtaggtggacaaataagtcagaggtgagcggaactgatggtggagcggtgaaatgcgttgatatcatcaggaacaccggtggcgaaagcggctcactgggactcttctgacgctgaggcacgaaagctaggggagcgaacgggattagataccccggtagtcctagctgtaaacgatcagtactagtctgtggggacttccacatcctctcggacgtagcgaaagtgttaagtactgcgcctggggagtatggtcgcaaggctg	Planctomyces_1460_bp_rna	100.0	249	0	0	63	311	126	374	5.5e-133	460.9
tacgaagggacctagcgtagttcggaattactgggcttaaagagttcgtaggtggttgaaaaagttggtggtgaaatcccagagcttaactctggaactgccatcaaaacttttcagctagagtatgatagaggaaagcagaatttctagtgtagaggtgaaattcgtagatattagaaagaataccaattgcgaaggcagctttctggatcattactgacactgaggaacgaaaacatgggtagcgaagaggattagataccctcgtagtccatgccgtaaacgatgtgtgttagacgttggaaatttattttcagtgtcgcagcgaaagcgataaacacaccgcctggggagcacgaccgcaaggttaaaacccaaagaaactgacgc	SAR11_Surface_1__Alpha__1958_bp_rna	99.7	370	1	0	1	370	1	370	1.7e-198	678.8
tacataggggtcaagcgttgtccggatttattgggcgtaaagagctcgtaggcggttcaacaagtcggtcgtaaaagtttagggctcaaccctaaaatgtcgatcgatactgttgtgactaggatacggtagaggtgaatggaattccgagtgtagctgtgaaatgcgtagatattcggaggaacaccaattgcgaaggcagttcactggaccgtgatcgacgctgaggagcgaaagctaggggagcaaacaggattagataccctggtagtcctagctgtaaacgatggatactagatgtaggaactggattgacggtttctgtatcgtagctaacgcgttaagtatcccgcctggggagtacggtcgcaagacta	OCS155_a__Actino__1765_bp_rna	99.7	377	1	0	1	377	1	377	2.2e-202	691.8
tacgaagggacctagcgtagttcggaattactgggcttaaagagttcgtaggtggttgaaaaagttggtggtgaaatcccagagcttaactctggaactgccatcaaaacttttcagctagagtatgatagaggaaagcataatttctagtgtagaggtgaaattcgtagatattagaaagaataccaattgcgaaggcagctttctggatcattactgacactgaggaacgaaaacatgggtagcgaagaggattagataccctcgtagtccatgccgtaaacgatgtgtgttagacgttggaaatttattttcagtgtcgcagcgaaagcgataaacacaccgcctggggagtacgaccgcaaggtta	SAR11_Surface_1__Alpha__1958_bp_rna	99.7	370	1	0	1	370	1	370	1.7e-198	678.8
tacgaagggacctagcgtagttaggaattactgggcttaaagagttcgtaggtggttgaaaaagttggtggtgaaatcccagagcttaactctggaactgccatcaaaacttttcagctagagtatgatagaggaaagcagaatttctagtgtagaggtgaaattcgtagatattagaaagaataccaattgcgaaggcagctttctggatcattactgacactgaggaacgaaaacatgggtagcgaagaggattagataccctcgtagtccatgccgtaaacgatgtgtgttagacgttggaaatttattttcagtgtcgcagcgaaagcgataaacacaccgcctggggagtacgaccgcaaggtta	SAR11_Surface_1__Alpha__1958_bp_rna	99.7	370	1	0	1	370	1	370	1.7e-198	678.8
tacgaagggacctagcgtagttcggaattactgggcttaaagagttcgtaggtggttgaaaaagttggttgtgaaatcccagagcttaactctggaactgccatcaaaacttttcagctagagtatgatagaggaaagcagaatttctagtgtagaggtgaaattcgtagatattagaaagaataccaattgcgaaggcagctttctggatcattactgacactgaggaacgaaaacatgggtagcgaagaggattagataccctcgtagtccatgccgtaaacgatgtgtgttagacgttggaaatttattttcagtgtcgcagcgaaagcgataaacacaccgcctggggagtacgaccgcaaggtta	SAR11_Surface_1__Alpha__1958_bp_rna	99.7	370	1	0	1	370	1	370	1.7e-198	678.8
tacggagggtgcaagcgttaatcggaattactgggcgtaaagcgtgcgtaggcggtttattaagtcagatgtgaaagccccgggcttaacctgggaactgcatttgaaactggtcaactagagtatggtagaggaaagtggaatttctggtgtagcggtgaaatgcgtagatatcagaaggaacatcaatggcgaaggcagctttctggaccaatactgacgctgaggtacgaaagcgtgggtagcaaacaggattagataccctggtagtccacgccgtaaacgatgataactagccgttggggggatttaccctttagtggcgaagctaacgcgttaagttatccgcctggggagtacggccgcaaggtta	SAR86_d__Gamma__1942_bp_rna	88.5	374	42	1	1	373	1	374	3.1e-126	438.8
aaccagcacctcaagtggtcaggatgattattgggcctaaagcatccgtagccggctctgtaagttttcggttaaatctgtacgttgagcgtacaggctgccgggaatactgcaaagctagggagtgggagaagtagacggtactcggtaggaagtggtaaaatgctttgatctatcgatgaccacctgtggcgaaggcggtctactagaacgcgtccgacggtgagggatgaaagctgggggagcaaaccggattagatacccgggtagtcccagctgtaaactatgcaaactcagtgatgcattggcttgtggccaatgcagtgctgcagggaagccgttaagtttgccgcctgggaagtacgtacgcaagtatg	Taumarchaea_MGI_a_1364_bp_rna	99.2	377	3	0	1	377	1	377	4.7e-199	680.7
tacataggggtcaagcgttgtccggatttattgggcgtaaagagctcgtaggcggttcaacaagtcggtcgtaaaagtttagggctcaaccctaaaatgtcgatagatactgttgtgactaggatacggtagaggtgaatggaattccgagtgtagcggtgaaatgcgtagatattcggaggaacaccaattgcgaaggcagttcactggaccgtgatcgacgctgaggagcgaaagctaggggagcaaacaggattagataccctggtagtcctagctgtaaacgatggatactagatgtaggaactggattgacggtttctgtatcgtagctaacgcgttaagtatcccgcctggggagtacggtcgcaagacta	OCS155_a__Actino__1765_bp_rna	99.7	377	1	0	1	377	1	377	2.2e-202	691.8
tacgtagggtgcaagcgttaatcggaattactgggcgtaaagcgtgcgcaggcggttatgcaagacagaggtgaaatccccgggctcaacctgggaactgcctttgtgactgcatagctagagtacggtagagggggatggaattccgcgtgtagcagtgaaatgcgtagatatgcggaggaacaccgatggcgaaggcaatcccctggacctgtactgacgctcatgcacgaaagcgtggggagcaaacaggattagataccctggtagtccacgccctaaacgatgtcaactggttgttgggagggtttcttctcagtaacgtagctaacgcgtgaagttgaccgcctggggagtacggccgcaaggttg	Pseudospirillum__Gamma__2285_bp_rna	83.9	372	59	1	1	371	1	372	8.9e-97	340.9
aaccagcacctcaagtggtcaggatgattattgggcctaaagcatccgtagccggctctgtaagttttcggttaaatctgtacgctcaacgtacaggctgccgggaatactgcaaagctagggagtgggagaagtagacggtactcggtaggaagtggtaaaatgctttgatctatcgatgaccacctgtggcgaaggcggtctactagaacgcgtccgacggtgagggatgaaagctgggggagcaaaccggattagatacccgggtagtcccagctgtaaactatgcaaactcagtgatgcattggcttgtggccaatgcagtgctgcagggaagccgttaagtttgccgcctgggaagcacgtacgcaagtatgaaacccaaagaaactgacgc	Taumarchaea_MGI_a_1364_bp_rna	99.7	377	1	0	1	377	1	377	2.3e-202	691.8
tacgaactgtgcaaacgttattcggaatcactgggcttaaagggtgcgtaggcgggcttaaaggtccgatgtgaaagcccacggctcaaccgtggaattgcgttggaaaccataagtcttgagggagtcagaggtgagcggaactgatggtggagcggtgaaatgcgttgatatcatcaggaacaccggtggcgaaagcggctcactgggactcttctgacgctgaggcacgaaagctaggggagcgaacgggattagataccccggtagtcctagctgtaaacgatcagtactagtctgtggggacttccacatcctctcggacgtagcgaaagtgttaagtactgcgcctggggagcatggtcgcaaggctgaaacccaaagaaactgacgc	Planctomyces_1460_bp_rna	99.7	374	1	0	1	374	1	374	1.1e-200	686.2
ccgccaatttctttgagttttaaccttgcggtcgtactccccaggcggtgtgtttatcgctttcgctgcgacactgaaaataaatttccaacgtctaacacacatcgtttacggcatggactacgagggtatctaatcctcttcgctacccatgttttcgttcctcagtgtcagtaatgatccagaaagctgccttcgcaattggtattctttctaatatctacgaatttcacctctacactagaaattctgctttcctctatcatactctagctgaaaagttttgatggcagttccagagttaagctctgggatttcaccaccaactttttcaaccacctacgaactctttaagcccagtaattccgaactacgctaggtcccttcgtattaccgcggcggctg	SAR11_Surface_1__Alpha__1958_bp_rna	100.0	370	0	0	21	390	370	1	3.9e-200	684.4
tacgtaggtcccgagcgttgtccggatttattgggcgtaaagcgagcgcaggcggttagataagtctgaagttaaaggctgtggcttaaccatagtacgctttggaaactgtttaacttgagtgcaagaggggagagtggaattccatgtgtagcggtgaaatgcgtagatatatggaggaacaccggtggcgaaagcggctctctggcttgtaactgacgctgaggctcgaaagcgtggggagcaaacaggattagataccctggtagtccacgccgtaaacgatgagtgctaggtgttagaccctttccggggtttagtgccgcagctaacgcattaagcactccgcctggggagtacgaccgcaaggttg	SAR116_c__Alpha__2045_bp_rna	81.0	289	54	1	12	299	12	300	5.7e-59	215.3
tacgaagggacctagcgtagttcgtaattactgggcttaaagagttcgtaggtggttgaaaaagttggtggtgaaatcccagagcttaactctggaactgccatcaaaacttttcagctagagtatgatagaggaaagcagaatttctagtgtagaggtgaaattcgtagatattagaaagaataccaattgcgaaggcagctttctggatcattactgacactgaggaacgaaaacatgggtagcgaagaggattagataccctcgtagtccatgccgtaaacgatgtgtgttagacgttggaaatttattttcagtgtcgcagcgaaagcgataaacacaccgcctggggagtacgaccgcaaggtta	SAR11_Surface_1__Alpha__1958_bp_rna	99.7	370	1	0	1	370	1	370	1.7e-198	678.8
tacataggggtcaagcgttgtccggatttattgggcgtaaagagctcgtaggcggttcaacaagtcggtcgtaaaagtttagggctcaaccctaaaatgtcgatcgatactgttgtgactaggatacggtagaggtgaatggaattccgagtgtagcggtgaaatgcgtagatattcggaggaacaccaattgcgaaggcagttcactggaccgtgatcgacgctgaggagcgaaagctaggggagcaaacaggattagataccctggtagtcctagctgtaaacgatggatactagatgtaggaactggattgacggtttctgtatcgtagctaacgcgttaagtatcccgcctggggagcacggtcgcaagactaaaacccaaagaaactgacgc	OCS155_a__Actino__1765_bp_rna	99.7	377	1	0	1	377	1	377	2.3e-202	691.8
aaccagcacctcaagtggtcaggatgattattgggcctaaagcatccgtagccggctctgtaagttttcggttaaatctatgcgctcaacgtatgggctgccgaaaatactgcagagatagggagtgggagaggtagacggtactcggtaggaaggggtaaaatcctttgatctatcgatgaccacctgtggcgaaggcggtctaccagaacacgttcgacggtgagggatgaaagctgggggagcaaaccggattagatacccgggtagtcccagctgtaaacgatgcagactcgatgatgcactggctatatgccaatgcagtgtcgcagggaagccgttaagtctgccgcctgggaagtacgtacgcaagtatg	Thaumarchaea_MGI_b_1363_bp_rna	98.1	377	7	0	1	377	1	377	2.2e-192	658.5
tacgaagggggcgagcgttattcggaattattgggcgtaaagggctcgcaggctgcttgaacagttagacgtgaaatccccgggctcaacctgggaactgcgtttaatactagcaagctagagaaatagagaggaaagtggaactcccagtgtagaggtgaaattcgtagatattgggaagaacaccagtggcgaaagcgactttctggctattttctgacgctgaggagcgaaagcgtggggagcaaacagggttagataccctggtagtccacgccgtaaacgatgtgtgctagatgttggaaggttacctttcagtgtcgcagctaacgcactaagcacaccgcctgggaagcacggtcgcaagattaaaacccaaagaaactgacgc	SAR116_a__Alpha__1946_bp_rna	99.7	371	1	0	1	371	1	371	4.9e-199	680.7
tacgggagtggcaagcgttatccggaattattgggcgtaaagcgtccgcaggcggcctttcaagtctgctgttaaagcgtggagcttaactccattatggcagtggaaactgatcggcttgagtatggtaggggcagagggaattcccggtgtagcggtgaaatgcgtagatatcgggaagaacaccagtggcgaaggcgctctgctgggccattactgacgctcatggacgaaagccaggggagcgaaagggattagatacccctgtagtcctggccgtaaacgatgaacactaggtgtcgggggaatcgaccccttcggtgtcgtagctaacgcgttaagtgttccgcctggggagcacgcacgcaagtgtgaaacccaaataaactgacgc	Prochlorococcus_2121_bp_rna	99.7	374	1	0	1	374	1	374	1.1e-200	686.2
tacggaggatccaagcgttatccggaatcattgggtttaaagggtccgtaggtggacaaataagtcagaggtgaaatcctgcagctcaactgtagaactgcctttgatactgtttgtcttgagttattatgaagtggttagaatgtgtagtgtagcggtgaaatgcatagatattacacagaataccgattgcgaaggcagatcactaataattaactgacactgagggacgaaagcgtgggtagcgaacaggattagataccctggtagtccacgccgtaaacgatggtcactagctgtttggacttcggtctgagtggctaagcgaaagtgataagtgacccacctggggagcacgttcgcaagaatgaaacccaaagaaactgacgc	Flavobacteria_2061_bp_rna	99.7	370	1	0	1	370	1	370	1.7e-198	678.8
tacgaggggtgctagcgttgtccggaatcattgggcgtaaagggtccgtaggcggtttaacaagtcaattgttaaagacatcggcttaaccgatggagtgcaattgaaactgttagaatagagtttaggagaggaaagtggaatttctggtgtagcggtgacatgcgtagatatcagaaggaacaccaatggcgaaggcaactttctggcctaaaactgacgctgagggacgaaagcgtggggagcgaacaggattagataccctggtagtccacgccgtaaacgatgagtatttgttgtcgggagattcgaccctctcggtagcggagctaacgcgttaaatactccgcctgggtactacgaccgcaaggttgaaacccaaataaactgacgc	Marine_Group_A__aka_SAR406__1992_bp_rna	100.0	374	0	0	1	374	1	374	2.3e-202	691.8
tacggaaggtcctagcgttgttcggaattactgggcgtaaagcgcatgtaggcggaacagaaagttagaagtgaaatccctgggctcaacctaggaattgcttttaaaacttctgttctggaattcaggagaggaaaatggaatttccagtgtagaggtgaaattcgtagatattggaaggaacaccagtggcgaaggcgattttctggactgatattgacgctgagatgcgaaggcatgggtagcaaacgggattagataccccggtagtccatgcagtaaacgatgggtgctagtcgtcggacttttgttcggtgtcgtagctaacgcgttaagcaccccgcctggggagcacggtcgcaagattaaaacccaaataaactgacgc	AEGEAN-169_Alpha__1974_bp_rna	99.7	368	1	0	1	368	1	368	2.2e-197	675.1
tacggatggtgcaagcgttaatcggaattactgggcgtaaagcgcgcgtaggtggcatactaagttagatgtgaaatcccggggcttaacctcggaactgcatctaaaactggtaagctagagtactagagaggaaagtagaattcttagtgtagcggtggaatgcgtagatattaagaggaataccaatggcgaaggcaactttctggatagatactgacactgaggtgcgaaagcgtggggagcaaacaggattagataccctggtagtccacgccgtaaacgatgataactagccgttagatttatctagtggcgcagctaacgcattaagttatccgcctggggagcacggccgcaaggctaaaacccaaatgaactggcgc	SAR86_a__Gamma__1729_bp_rna	99.5	366	2	0	1	366	1	366	1.3e-194	665.9
ccgccaatttatttgagttttaatcttgcgaccgtactccccaggcggggtgcttaacgcgttagctacgacaccgaacaaaagtccgacgactagcacccatcgtttactgcatggactaccggggtatctaatcccgtttgctacccatgccttcgcatctcagcgtcaatatcagtccagaaaatcgccttcgccactggtgttccttccaatatctacgaatttcacctctacactggaaattccattttcctctcctgaattccagaacagaagttttaaaagcaattcctaggttgagcccagggatttcacttctaactttctgttccgcctacatgcgctttacgcccagtaattccgaacaacgctaggaccttccgtattaccgcggcggctg	AEGEAN-169_Alpha__1974_bp_rna	100.0	368	0	0	21	388	368	1	5e-199	680.7
gacggaggatgcaagtgttattcggaatgattgggcgtaaagagtctgtaggcggtatggaaagtcttttgttaaatgcctcggctcaaccgagatcaagcaaaggaaacttctatacttgagggaagtagaggtacagggaattcccggtggagcggtgaaatgcgtagatatcgggaggaacaccaatatggcgaaggcactgtactgggcttttcctgacgctgagagacgaaagctaaaggagtgattaggattagataccctagtaattttagccgtaaacgatggaaactcactgccgagcgaaatacaacgagcggtggtcaagctaacgcgtgaagtttcccgcctggggattacgcttgcaaaagtg	Prochlorococcus_2121_bp_rna	73.1	361	95	1	11	371	11	369	1.7e-29	117.5
ggaggaacaccaattgcgaaggcagttcactggaccgtgatcgacgctgaggagcgaaagctaggggagcaaacaggattagataccctggtagtcctagctgtaaacgatggatactagatgtaggaactggattgacggtttctgtatcgtagctaacgcgttaagtatcccgcctggggagtacggtcgcaagactaaaactcaaagaaattgacggagatcggaa	OCS155_a__Actino__1765_bp_rna	100.0	200	0	0	1	200	178	377	7e-106	370.5
gacagaggatgcaagtgttattcggattgattgggcgtaaagcgtctgtaggcggtttggaaagtcttttgtgaaattcttcagctcaactgggggtccgcaaaagaaacttctaggcttgagggaagtagaggtacagggaatttccggtggagcggtgaaatgcgtagatatcggaaggaacaccaatatggcgaaggcactgtactgggctttacctgacgctaagagacgaaagctaaaggagtgattaggattagataccctagtaattttagccgtaaacgatggaaactcactgccgagccggtattcggagcggtggtcaagctaacgcgtgaagtttcccgcctggggactacgcatgcaaatgtg	Prochlorococcus_2121_bp_rna	74.5	286	71	1	11	296	11	294	7.7e-28	111.9
tacgtagggggcgagcgttgtccggatttattgggcgtaaagagctcgtaggcggttcaacaagtcggtagtaaaagttcagggctcaaccctgaaatgtctatcgatactgttgtgactaggatacggcagaggtgagtggaattccgagtgtagcggtgaaatgcgtagatattcggaggaacaccaattgcgaaggcagctcactgggccgctatcgacgctgaggagcgaaagctaggggagcaaacaggattagataccctggtagtcctagctgtaaacgatgaatgctgggttttcggggtatccattccctgtaagccgaagctaacgcgctaagcattccgcccggggactacggccgcaaggcta	OCS155_b__Actino__1747_bp_rna	99.3	295	2	0	1	295	1	295	3.8e-155	534.8
ccgccaatttctttgagtttcatacttgcgtacgtacttcccaggcggcaaacttaacggcttccctgcagcactgcattggccacaagccaatgcatcactgagtttgcatagtttacagctgggactacccgggtatctaatccggtttgctcccccagctttcatccctcaccgtcggacgcgttctagtagaccgccttcgccacaggtggtcatcgatagatcaaagcattttaccacttcctaccgagtaccgtctacttctcccactccctagctttgcagtattcccggcagcctgtacgttgagcgtacagatttaaccga	Taumarchaea_MGI_a_1364_bp_rna	100.0	310	0	0	21	330	377	68	7.2e-167	573.6
tacggagggggttagcgttgttcggaattactgggcgtaaagcgcacgtaggcggattaataagtcaggggtgaaatcccgaggctcaacctcggaactgcctttgatactgttagtcttgagttcgagagaggtgagtggaattccgagtgtagaggtgaaattcgtagatattcggaggaacaccagtggcgaaggcggctcactggctcgatactgacgctgaggtgcgaaagcgtggggagcaaacaggattagataccctggtagtccacgccgtaaacgatgagagctagtcgttggagagttcgctcttcggtgacgcagctaacgcattaagctctccgcctggggagcacggtcgcaagattaaaacccaaagaaactggcgc	Rhodobacteriaceae__Alpha__1425_bp_rna	99.5	372	2	0	1	372	1	372	6.3e-198	677.0
tacggagggtgcaagcgttatccggatttattgggtttaaagggtccgtaggcggatcattaagtcagtggtgaaagccggcagctcaactgtcgaactgccattgatactgatgatcttgaatgctgttgaagttggcggaataggtcatgtagcggtgaaatgcttagatatgacctagaacaccgattgcgaaggcagccaactaagcagttattgacgctgagggacgaaagcgtggggagcgaacaggattagataccctggtagtccacgccgtaaacgatgattactcggtattggctttggtcagtgcccaagcgaaagtgataagtaatccacctggggagcacgcccgcaagggtgaaacctaaagaaactggcgc	Flavobacteria_NS9_1483_bp_rna	98.9	366	4	0	1	366	1	366	2.9e-191	654.8
tacgtatggggcaagcgttgttcggaattattgggcgtaaagggctcgcaggtggtttgttaagttggtggtttaatctctgggctcaacccagagtcagcctccaaaactggcgaacttgagtacgataggggatagcggaattctcggtgtagcggtggaatgcgtagatatcgagaggaacaccaatggcgaaggcagctatctggatcgtaactgacactcatgagcgaaagtgcggggagcaaacaggattagataccctggtagtccgcaccgtaaacgttgtatactagttgttggtggtttcaacgccatcagtgacgtcgctaacgcattaagtataccgcctggggagtatgctcgcaagggtg	SAR86_a__Gamma__1729_bp_rna	80.2	288	57	0	1	288	1	288	1.6e-59	217.2
tacggagggtgcaagcgttatccggattcactgggtttaaagggtgcgtaggtgggcaagtaagtcagtggtgaaatctctgggcttaacccggaaactgccattgatactatttgtcttgaattctctggaggtaagcggaatatgtcatgtagcggtgaaatgcttagatatgacatagaacacccattgcgaaggcagcttactacggagacattgacactgaggcacgaaagcgtggggatcaaacaggattagataccctggtagtccacgccctaaacgatgattactcgacattagcgatattactgttagtgtctaagcgaaagcattaagtaatccacctgggaagtacgaccgcaaggttg	Flavobacteria_NS9_1483_bp_rna	83.0	371	58	1	1	371	1	366	1.9e-93	329.8
aaccagcacctcaagtggtcaggatgattattgggcctaaagcatccgtagccggctctgtaagttttcggttaaatctgtacgctcaacgtacaggctgccgggaatactgcaaagctagggagtgggagaagtagacggtactcggtaggaagtggtaaaatgctttgatctatcgatgaccacctgtggcgaaggcggtcatcgatagatcaaagca	Taumarchaea_MGI_a_1364_bp_rna	100.0	203	0	0	1	203	1	203	1.4e-107	376.0
tacggagggtgcaagcgttatccggacttattgggtttaaagggtccgtaggcgggttattaagtcagtggtgaaatctcatagctcaactatgaaactgccattgatactgatagtcttgagtatatttgaagtagctggaataagtagtgtagcggtgaaatgcatagatattacttagaacaccaatagcgaaggcaggttactaagatattactgacgctgagggacgagagcgtagggagcgaacaggattagataccctggtagtctacgctgtaaacgatgctaactcgtttttggtatttaggtatcagagactaagcgaaagtgataagttagccacctggggagtacgctcgcaagagtg	Flavobacteria_NS9_1483_bp_rna	83.8	370	56	1	1	370	1	366	2.5e-97	342.8
tacgaactgtgcaaacgttattcggaatcactgggcttaaagggtgcgtaggcgggcttaaaggtccgatgtgaaagcccacggctcaaccgtggaattgcgttggaaaccataagtcttgagggagtcagaggtgagcggaactgatggtggagcggtgaaatgcgttgatataatcaggaacaccggtggcgaaagcggctcactgggactcttctgacgctgaggcacgaaagctaggggagcgaacgggattagataccccggtagtcctagctgtaaacgatggatactagatgtaggaactggattgacggtttctgtatcgtagctaacgcgttaagtatcccgcctggggagtacggtcgcaagacta	Planctomyces_1460_bp_rna	98.6	296	4	0	1	296	1	296	2.3e-152	525.6
tttccagccgccgcggtaatacgaagggacctagcgtagttcggaattactgggcttaaagagttcgtaggtggttgaaaaagttggtggtgaaatcccagagcttaactctggaactgccatcaaaacttttcagctagagtatgatagaggaaagcagaatttctagtgtagaggtgaaattcgtagatattagaaagaataccaattgcgaaggcagctttctggatcattactggcactgaggaacgaaaacatgggtagcgaagaggattagataccctcgtagtccatgccgtaaacgatgtgtgttagacgttggaaatttattttcagtgtcgcagcgaaagcgataaacacaccgcctggggagtacgaccgcaaggtta	SAR11_Surface_1__Alpha__1958_bp_rna	99.7	370	1	0	20	389	1	370	1.7e-198	678.8
gttgcagcagccgcggtaatacgaagggacctagcgtagttcggaattactgggcttaaagagttcgtaggtggttgaaaaagttggtggtgaaatcccagagcttaactctggaactgccatcaaaacttttcagctagagtatgatagaggaaagcagaatttctagtgtagaggtgaaattcgtagatattagaaagaataccaattgcgaaggcagctttctggatcattactggcactgaggaacgaaaacatgggtagcgaagaggattagataccctcgtagtccatgccgtaaacgatgtgtgttagacgttggaaatttattttcagtgtcgcagcgaaagcgataaacacaccgcctggggagtacgaccgcaaggtta	SAR11_Surface_1__Alpha__1958_bp_rna	99.7	370	1	0	20	389	1	370	1.7e-198	678.8
ccgccaatttctttgagttttaaccttgcggtcgtactccccaggcggtgtgtttatcgctttcgctgcgacactgaaaataaatttccaacgtctaacacacatcgtttacggcatggactacgagggtatctaatcctcttcgctacccatgttttcgttcctcagtgtcagtaatgatccagaaagctgccttcgcaattggtattctttctaatatctacgaatttcacctctacactagaaattctgctttcctctatcatactctagctgaaaagttttgatggcagttccagagttaagctctgggatttca	SAR11_Surface_1__Alpha__1958_bp_rna	100.0	299	0	0	21	319	370	72	9e-161	553.3
ttttcagcagccgcggtaatacgaagggacctagcgtagttcggaattactgggcttaaagagttcgtaggtggttgaaaaagttggtggtgaaatcccagagcttaactctggaactgccatcaaaacttttcagctagagtatgatagaggaaagcagaatttctagtgtagaggtgaaattcgtagatattagaaagaataccaattgcgaaggcagctttctggatcattactggcactgaggaacgaaaacatgggtagcgaagaggattagataccctcgtagtccatgccgtaaacgatgtgtgttagacgttggaaatttattttcagtgtcgcagcgaaagcgataaacacaccgcctggggagtacgaccgcaaggtta	SAR11_Surface_1__Alpha__1958_bp_rna	99.7	370	1	0	20	389	1	370	1.7e-198	678.8
ccgccaatttctttgagttttaaccttgcggtcgtactccccaggcggtgtgtttatcgctttcgctgcgacactgaaaataaatttccaacgtctaacacacatcgtttacggcatggactacgagggtatctaatcctcttcgctacccatgttttcgttcctcagtgtcagtaatgatccagaaagctgccttcgcaattggtattctttctaatatctacgaatttcacctctacactag	SAR11_Surface_1__Alpha__1958_bp_rna	100.0	224	0	0	21	244	370	147	3.4e-119	414.8
ccgtcaatttctttgagttttagtcttgcgaccgtactccccaggcgggatacttaacgcgttagctacgatacagaaaccgtcaatccagttcctacatctagtatccatcgtttacagctaggactaccagggtatctaatcctgtttgctcccctagctttcgctcctcagcgtcgatcacggtccagtgaactgccttcgcaattggtgttcctccgaatatctacgcatttcaccgctacactcggaattccattcacctctaccgtatcctagtcacaacagtatcgatcgacattttagggttgagccct	OCS155_a__Actino__1765_bp_rna	100.0	297	0	0	21	317	377	81	1.2e-159	549.6
tacataggggtcaagcgttgtccggatttattgggcgtaaagagctcgtaggcggttcaacaagtcggtcgtaaaagtttagggctcaaccctaaaatgtcgatcgatactgttgtgactaggatacggtagaggtgaatggaattccgagtgtagcggtgaaatgcgtagatattcggagtaacaccaattgcgaaggcagttcactggaccgtgatcgacgctgaggagcgaaagctaggggagcaaacaggattagataccctggtagtcctagctgtaaacgatggatactagatgtaggaactggattgacggtttctgtatcgtagctaacgcgttaagtatcccgcctggggagcacggtcgcaagactaaaacccaaagaaactgacgc	OCS155_a__Actino__1765_bp_rna	99.5	377	2	0	1	377	1	377	1.1e-200	686.2
